Sample in Buffer,Sample in Window,TRIGGER,ap_idle,ap_ready,ap_done,ap_start_1,layer18_out_TREADY,layer18_out_TVALID,layer18_out_TDATA[15:0],input_layer_TREADY,input_layer_TVALID,input_layer_TDATA[7:0],sending_active,event_counter[6:0],byte_counter[9:0]
Radix - UNSIGNED,UNSIGNED,UNSIGNED,HEX,HEX,HEX,HEX,HEX,HEX,HEX,HEX,HEX,HEX,HEX,UNSIGNED,UNSIGNED
0,0,1,0,0,1,1,1,1,03a5,1,1,00,1,26,779
1,1,0,0,0,0,1,1,0,03a5,0,1,00,1,26,780
2,2,0,0,0,0,1,1,0,03a5,0,1,00,1,26,780
3,3,0,0,0,0,1,1,0,03a5,1,1,00,1,26,780
4,4,0,0,0,0,1,1,0,03a5,0,1,00,1,26,781
5,5,0,0,0,0,1,1,0,03a5,0,1,00,1,26,781
6,6,0,0,0,0,1,1,0,03a5,1,1,00,1,26,781
7,7,0,0,0,0,1,1,0,03a5,0,1,00,1,26,782
8,0,1,0,0,1,1,1,1,0003,0,1,00,1,28,322
9,1,0,0,0,0,1,1,0,0003,0,1,00,1,28,322
10,2,0,0,0,0,1,1,0,0003,1,1,00,1,28,322
11,3,0,0,0,0,1,1,0,0003,0,1,00,1,28,323
12,4,0,0,0,0,1,1,0,0003,0,1,00,1,28,323
13,5,0,0,0,0,1,1,0,0003,1,1,00,1,28,323
14,6,0,0,0,0,1,1,0,0003,0,1,00,1,28,324
15,7,0,0,0,0,1,1,0,0003,0,1,00,1,28,324
16,0,1,0,0,1,1,1,1,004d,0,1,00,1,29,799
17,1,0,0,0,0,1,1,0,004d,0,1,00,1,29,799
18,2,0,0,0,0,1,1,0,004d,1,1,00,1,29,799
19,3,0,0,0,0,1,1,0,004d,0,1,00,1,29,800
20,4,0,0,0,0,1,1,0,004d,0,1,00,1,29,800
21,5,0,0,0,0,1,1,0,004d,1,1,00,1,29,800
22,6,0,0,0,0,1,1,0,004d,0,1,00,1,29,801
23,7,0,0,0,0,1,1,0,004d,0,1,00,1,29,801
24,0,1,0,0,1,1,1,1,0093,0,1,00,1,31,341
25,1,0,0,0,0,1,1,0,0093,1,1,00,1,31,341
26,2,0,0,0,0,1,1,0,0093,0,1,00,1,31,342
27,3,0,0,0,0,1,1,0,0093,0,1,00,1,31,342
28,4,0,0,0,0,1,1,0,0093,1,1,00,1,31,342
29,5,0,0,0,0,1,1,0,0093,0,1,00,1,31,343
30,6,0,0,0,0,1,1,0,0093,0,1,00,1,31,343
31,7,0,0,0,0,1,1,0,0093,1,1,00,1,31,343
32,0,1,0,0,1,1,1,1,01b4,0,1,00,1,32,820
33,1,0,0,0,0,1,1,0,01b4,1,1,00,1,32,820
34,2,0,0,0,0,1,1,0,01b4,0,1,00,1,32,821
35,3,0,0,0,0,1,1,0,01b4,0,1,00,1,32,821
36,4,0,0,0,0,1,1,0,01b4,1,1,00,1,32,821
37,5,0,0,0,0,1,1,0,01b4,0,1,00,1,32,822
38,6,0,0,0,0,1,1,0,01b4,0,1,00,1,32,822
39,7,0,0,0,0,1,1,0,01b4,1,1,00,1,32,822
40,0,1,0,0,1,1,1,1,0006,0,1,00,1,34,362
41,1,0,0,0,0,1,1,0,0006,0,1,00,1,34,362
42,2,0,0,0,0,1,1,0,0006,0,1,00,1,34,362
43,3,0,0,0,0,1,1,0,0006,0,1,00,1,34,362
44,4,0,0,0,0,1,1,0,0006,0,1,00,1,34,362
45,5,0,0,0,0,1,1,0,0006,0,1,00,1,34,362
46,6,0,0,0,0,1,1,0,0006,1,1,00,1,34,362
47,7,0,0,0,0,1,1,0,0006,0,1,00,1,34,363
48,0,1,0,0,1,1,1,1,0133,1,1,00,1,35,839
49,1,0,0,0,0,1,1,0,0133,0,1,00,1,35,840
50,2,0,0,0,0,1,1,0,0133,0,1,00,1,35,840
51,3,0,0,0,0,1,1,0,0133,1,1,00,1,35,840
52,4,0,0,0,0,1,1,0,0133,0,1,00,1,35,841
53,5,0,0,0,0,1,1,0,0133,0,1,00,1,35,841
54,6,0,0,0,0,1,1,0,0133,1,1,00,1,35,841
55,7,0,0,0,0,1,1,0,0133,0,1,00,1,35,842
56,0,1,0,0,1,1,1,1,006a,0,1,00,1,37,382
57,1,0,0,0,0,1,1,0,006a,0,1,00,1,37,382
58,2,0,0,0,0,1,1,0,006a,1,1,00,1,37,382
59,3,0,0,0,0,1,1,0,006a,0,1,00,1,37,383
60,4,0,0,0,0,1,1,0,006a,0,1,00,1,37,383
61,5,0,0,0,0,1,1,0,006a,1,1,00,1,37,383
62,6,0,0,0,0,1,1,0,006a,0,1,00,1,37,384
63,7,0,0,0,0,1,1,0,006a,0,1,00,1,37,384
64,0,1,0,0,1,1,1,1,0048,0,1,00,1,38,861
65,1,0,0,0,0,1,1,0,0048,0,1,00,1,38,861
66,2,0,0,0,0,1,1,0,0048,1,1,00,1,38,861
67,3,0,0,0,0,1,1,0,0048,0,1,00,1,38,862
68,4,0,0,0,0,1,1,0,0048,0,1,00,1,38,862
69,5,0,0,0,0,1,1,0,0048,1,1,00,1,38,862
70,6,0,0,0,0,1,1,0,0048,0,1,00,1,38,863
71,7,0,0,0,0,1,1,0,0048,0,1,00,1,38,863
72,0,1,0,0,1,1,1,1,03a2,0,1,00,1,40,216
73,1,0,0,0,0,1,1,0,03a2,1,1,00,1,40,216
74,2,0,0,0,0,1,1,0,03a2,0,1,00,1,40,217
75,3,0,0,0,0,1,1,0,03a2,0,1,00,1,40,217
76,4,0,0,0,0,1,1,0,03a2,1,1,00,1,40,217
77,5,0,0,0,0,1,1,0,03a2,0,1,00,1,40,218
78,6,0,0,0,0,1,1,0,03a2,0,1,00,1,40,218
79,7,0,0,0,0,1,1,0,03a2,0,1,00,1,40,218
80,0,1,0,0,1,1,1,1,032e,0,1,00,1,41,216
81,1,0,0,0,0,1,1,0,032e,1,1,00,1,41,216
82,2,0,0,0,0,1,1,0,032e,0,1,00,1,41,217
83,3,0,0,0,0,1,1,0,032e,0,1,00,1,41,217
84,4,0,0,0,0,1,1,0,032e,1,1,00,1,41,217
85,5,0,0,0,0,1,1,0,032e,0,1,00,1,41,218
86,6,0,0,0,0,1,1,0,032e,0,1,00,1,41,218
87,7,0,0,0,0,1,1,0,032e,0,1,00,1,41,218
88,0,1,0,0,1,1,1,1,0319,0,1,00,1,42,216
89,1,0,0,0,0,1,1,0,0319,1,1,00,1,42,216
90,2,0,0,0,0,1,1,0,0319,0,1,00,1,42,217
91,3,0,0,0,0,1,1,0,0319,0,1,00,1,42,217
92,4,0,0,0,0,1,1,0,0319,1,1,00,1,42,217
93,5,0,0,0,0,1,1,0,0319,0,1,00,1,42,218
94,6,0,0,0,0,1,1,0,0319,0,1,00,1,42,218
95,7,0,0,0,0,1,1,0,0319,0,1,00,1,42,218
96,0,1,0,0,1,1,1,1,01e8,0,1,00,1,43,216
97,1,0,0,0,0,1,1,0,01e8,1,1,00,1,43,216
98,2,0,0,0,0,1,1,0,01e8,0,1,00,1,43,217
99,3,0,0,0,0,1,1,0,01e8,0,1,00,1,43,217
100,4,0,0,0,0,1,1,0,01e8,1,1,00,1,43,217
101,5,0,0,0,0,1,1,0,01e8,0,1,00,1,43,218
102,6,0,0,0,0,1,1,0,01e8,0,1,00,1,43,218
103,7,0,0,0,0,1,1,0,01e8,0,1,00,1,43,218
104,0,1,0,0,1,1,1,1,0029,0,1,00,1,44,216
105,1,0,0,0,0,1,1,0,0029,1,1,00,1,44,216
106,2,0,0,0,0,1,1,0,0029,0,1,00,1,44,217
107,3,0,0,0,0,1,1,0,0029,0,1,00,1,44,217
108,4,0,0,0,0,1,1,0,0029,1,1,00,1,44,217
109,5,0,0,0,0,1,1,0,0029,0,1,00,1,44,218
110,6,0,0,0,0,1,1,0,0029,0,1,00,1,44,218
111,7,0,0,0,0,1,1,0,0029,0,1,00,1,44,218
112,0,1,0,0,1,1,1,1,00c7,0,1,00,1,45,216
113,1,0,0,0,0,1,1,0,00c7,1,1,00,1,45,216
114,2,0,0,0,0,1,1,0,00c7,0,1,00,1,45,217
115,3,0,0,0,0,1,1,0,00c7,0,1,00,1,45,217
116,4,0,0,0,0,1,1,0,00c7,1,1,00,1,45,217
117,5,0,0,0,0,1,1,0,00c7,0,1,00,1,45,218
118,6,0,0,0,0,1,1,0,00c7,0,1,00,1,45,218
119,7,0,0,0,0,1,1,0,00c7,0,1,00,1,45,218
120,0,1,0,0,1,1,1,1,03cd,0,1,00,1,46,216
121,1,0,0,0,0,1,1,0,03cd,1,1,00,1,46,216
122,2,0,0,0,0,1,1,0,03cd,0,1,00,1,46,217
123,3,0,0,0,0,1,1,0,03cd,0,1,00,1,46,217
124,4,0,0,0,0,1,1,0,03cd,1,1,00,1,46,217
125,5,0,0,0,0,1,1,0,03cd,0,1,00,1,46,218
126,6,0,0,0,0,1,1,0,03cd,0,1,00,1,46,218
127,7,0,0,0,0,1,1,0,03cd,0,1,00,1,46,218
128,0,1,0,0,1,1,1,1,01b0,0,1,00,1,47,216
129,1,0,0,0,0,1,1,0,01b0,1,1,00,1,47,216
130,2,0,0,0,0,1,1,0,01b0,0,1,00,1,47,217
131,3,0,0,0,0,1,1,0,01b0,0,1,00,1,47,217
132,4,0,0,0,0,1,1,0,01b0,1,1,00,1,47,217
133,5,0,0,0,0,1,1,0,01b0,0,1,00,1,47,218
134,6,0,0,0,0,1,1,0,01b0,0,1,00,1,47,218
135,7,0,0,0,0,1,1,0,01b0,0,1,00,1,47,218
136,0,1,0,0,1,1,1,1,0003,0,1,00,1,48,216
137,1,0,0,0,0,1,1,0,0003,1,1,00,1,48,216
138,2,0,0,0,0,1,1,0,0003,0,1,00,1,48,217
139,3,0,0,0,0,1,1,0,0003,0,1,00,1,48,217
140,4,0,0,0,0,1,1,0,0003,1,1,00,1,48,217
141,5,0,0,0,0,1,1,0,0003,0,1,00,1,48,218
142,6,0,0,0,0,1,1,0,0003,0,1,00,1,48,218
143,7,0,0,0,0,1,1,0,0003,0,1,00,1,48,218
144,0,1,0,0,1,1,1,1,003a,0,1,00,1,49,216
145,1,0,0,0,0,1,1,0,003a,1,1,00,1,49,216
146,2,0,0,0,0,1,1,0,003a,0,1,00,1,49,217
147,3,0,0,0,0,1,1,0,003a,0,1,00,1,49,217
148,4,0,0,0,0,1,1,0,003a,1,1,00,1,49,217
149,5,0,0,0,0,1,1,0,003a,0,1,00,1,49,218
150,6,0,0,0,0,1,1,0,003a,0,1,00,1,49,218
151,7,0,0,0,0,1,1,0,003a,0,1,00,1,49,218
152,0,1,0,0,1,1,1,1,03ed,0,1,00,1,50,216
153,1,0,0,0,0,1,1,0,03ed,1,1,00,1,50,216
154,2,0,0,0,0,1,1,0,03ed,0,1,00,1,50,217
155,3,0,0,0,0,1,1,0,03ed,0,1,00,1,50,217
156,4,0,0,0,0,1,1,0,03ed,1,1,00,1,50,217
157,5,0,0,0,0,1,1,0,03ed,0,1,00,1,50,218
158,6,0,0,0,0,1,1,0,03ed,0,1,00,1,50,218
159,7,0,0,0,0,1,1,0,03ed,0,1,00,1,50,218
160,0,1,0,0,1,1,1,1,001e,0,1,00,1,51,216
161,1,0,0,0,0,1,1,0,001e,1,1,00,1,51,216
162,2,0,0,0,0,1,1,0,001e,0,1,00,1,51,217
163,3,0,0,0,0,1,1,0,001e,0,1,00,1,51,217
164,4,0,0,0,0,1,1,0,001e,1,1,00,1,51,217
165,5,0,0,0,0,1,1,0,001e,0,1,00,1,51,218
166,6,0,0,0,0,1,1,0,001e,0,1,00,1,51,218
167,7,0,0,0,0,1,1,0,001e,0,1,00,1,51,218
168,0,1,0,0,1,1,1,1,0297,0,1,00,1,52,216
169,1,0,0,0,0,1,1,0,0297,1,1,00,1,52,216
170,2,0,0,0,0,1,1,0,0297,0,1,00,1,52,217
171,3,0,0,0,0,1,1,0,0297,0,1,00,1,52,217
172,4,0,0,0,0,1,1,0,0297,1,1,00,1,52,217
173,5,0,0,0,0,1,1,0,0297,0,1,00,1,52,218
174,6,0,0,0,0,1,1,0,0297,0,1,00,1,52,218
175,7,0,0,0,0,1,1,0,0297,0,1,00,1,52,218
176,0,1,0,0,1,1,1,1,0061,0,1,00,1,53,216
177,1,0,0,0,0,1,1,0,0061,1,1,00,1,53,216
178,2,0,0,0,0,1,1,0,0061,0,1,00,1,53,217
179,3,0,0,0,0,1,1,0,0061,0,1,00,1,53,217
180,4,0,0,0,0,1,1,0,0061,1,1,00,1,53,217
181,5,0,0,0,0,1,1,0,0061,0,1,00,1,53,218
182,6,0,0,0,0,1,1,0,0061,0,1,00,1,53,218
183,7,0,0,0,0,1,1,0,0061,0,1,00,1,53,218
184,0,1,0,0,1,1,1,1,00ce,0,1,00,1,54,216
185,1,0,0,0,0,1,1,0,00ce,1,1,00,1,54,216
186,2,0,0,0,0,1,1,0,00ce,0,1,00,1,54,217
187,3,0,0,0,0,1,1,0,00ce,0,1,00,1,54,217
188,4,0,0,0,0,1,1,0,00ce,1,1,00,1,54,217
189,5,0,0,0,0,1,1,0,00ce,0,1,00,1,54,218
190,6,0,0,0,0,1,1,0,00ce,0,1,00,1,54,218
191,7,0,0,0,0,1,1,0,00ce,0,1,00,1,54,218
192,0,1,0,0,1,1,1,1,0009,0,1,00,1,55,216
193,1,0,0,0,0,1,1,0,0009,1,1,00,1,55,216
194,2,0,0,0,0,1,1,0,0009,0,1,00,1,55,217
195,3,0,0,0,0,1,1,0,0009,0,1,00,1,55,217
196,4,0,0,0,0,1,1,0,0009,1,1,00,1,55,217
197,5,0,0,0,0,1,1,0,0009,0,1,00,1,55,218
198,6,0,0,0,0,1,1,0,0009,0,1,00,1,55,218
199,7,0,0,0,0,1,1,0,0009,0,1,00,1,55,218
200,0,1,0,0,1,1,1,1,0008,0,1,00,1,56,216
201,1,0,0,0,0,1,1,0,0008,1,1,00,1,56,216
202,2,0,0,0,0,1,1,0,0008,0,1,00,1,56,217
203,3,0,0,0,0,1,1,0,0008,0,1,00,1,56,217
204,4,0,0,0,0,1,1,0,0008,1,1,00,1,56,217
205,5,0,0,0,0,1,1,0,0008,0,1,00,1,56,218
206,6,0,0,0,0,1,1,0,0008,0,1,00,1,56,218
207,7,0,0,0,0,1,1,0,0008,0,1,00,1,56,218
208,0,1,0,0,1,1,1,1,00fa,0,1,00,1,57,216
209,1,0,0,0,0,1,1,0,00fa,1,1,00,1,57,216
210,2,0,0,0,0,1,1,0,00fa,0,1,00,1,57,217
211,3,0,0,0,0,1,1,0,00fa,0,1,00,1,57,217
212,4,0,0,0,0,1,1,0,00fa,1,1,00,1,57,217
213,5,0,0,0,0,1,1,0,00fa,0,1,00,1,57,218
214,6,0,0,0,0,1,1,0,00fa,0,1,00,1,57,218
215,7,0,0,0,0,1,1,0,00fa,0,1,00,1,57,218
216,0,1,0,0,1,1,1,1,02c8,0,1,00,1,58,216
217,1,0,0,0,0,1,1,0,02c8,1,1,00,1,58,216
218,2,0,0,0,0,1,1,0,02c8,0,1,00,1,58,217
219,3,0,0,0,0,1,1,0,02c8,0,1,00,1,58,217
220,4,0,0,0,0,1,1,0,02c8,1,1,00,1,58,217
221,5,0,0,0,0,1,1,0,02c8,0,1,00,1,58,218
222,6,0,0,0,0,1,1,0,02c8,0,1,00,1,58,218
223,7,0,0,0,0,1,1,0,02c8,0,1,00,1,58,218
224,0,1,0,0,1,1,1,1,0355,0,1,00,1,59,216
225,1,0,0,0,0,1,1,0,0355,1,1,00,1,59,216
226,2,0,0,0,0,1,1,0,0355,0,1,00,1,59,217
227,3,0,0,0,0,1,1,0,0355,0,1,00,1,59,217
228,4,0,0,0,0,1,1,0,0355,1,1,00,1,59,217
229,5,0,0,0,0,1,1,0,0355,0,1,00,1,59,218
230,6,0,0,0,0,1,1,0,0355,0,1,00,1,59,218
231,7,0,0,0,0,1,1,0,0355,0,1,00,1,59,218
232,0,1,0,0,1,1,1,1,0168,0,1,00,1,60,216
233,1,0,0,0,0,1,1,0,0168,1,1,00,1,60,216
234,2,0,0,0,0,1,1,0,0168,0,1,00,1,60,217
235,3,0,0,0,0,1,1,0,0168,0,1,00,1,60,217
236,4,0,0,0,0,1,1,0,0168,1,1,00,1,60,217
237,5,0,0,0,0,1,1,0,0168,0,1,00,1,60,218
238,6,0,0,0,0,1,1,0,0168,0,1,00,1,60,218
239,7,0,0,0,0,1,1,0,0168,0,1,00,1,60,218
240,0,1,0,0,1,1,1,1,030d,0,1,00,1,61,216
241,1,0,0,0,0,1,1,0,030d,1,1,00,1,61,216
242,2,0,0,0,0,1,1,0,030d,0,1,00,1,61,217
243,3,0,0,0,0,1,1,0,030d,0,1,00,1,61,217
244,4,0,0,0,0,1,1,0,030d,1,1,00,1,61,217
245,5,0,0,0,0,1,1,0,030d,0,1,00,1,61,218
246,6,0,0,0,0,1,1,0,030d,0,1,00,1,61,218
247,7,0,0,0,0,1,1,0,030d,0,1,00,1,61,218
248,0,1,0,0,1,1,1,1,0015,0,1,00,1,62,216
249,1,0,0,0,0,1,1,0,0015,1,1,00,1,62,216
250,2,0,0,0,0,1,1,0,0015,0,1,00,1,62,217
251,3,0,0,0,0,1,1,0,0015,0,1,00,1,62,217
252,4,0,0,0,0,1,1,0,0015,1,1,00,1,62,217
253,5,0,0,0,0,1,1,0,0015,0,1,00,1,62,218
254,6,0,0,0,0,1,1,0,0015,0,1,00,1,62,218
255,7,0,0,0,0,1,1,0,0015,0,1,00,1,62,218
256,0,1,0,0,1,1,1,1,009f,0,1,00,1,63,216
257,1,0,0,0,0,1,1,0,009f,1,1,00,1,63,216
258,2,0,0,0,0,1,1,0,009f,0,1,00,1,63,217
259,3,0,0,0,0,1,1,0,009f,0,1,00,1,63,217
260,4,0,0,0,0,1,1,0,009f,1,1,00,1,63,217
261,5,0,0,0,0,1,1,0,009f,0,1,00,1,63,218
262,6,0,0,0,0,1,1,0,009f,0,1,00,1,63,218
263,7,0,0,0,0,1,1,0,009f,0,1,00,1,63,218
264,0,1,0,0,1,1,1,1,039c,0,1,00,1,64,216
265,1,0,0,0,0,1,1,0,039c,1,1,00,1,64,216
266,2,0,0,0,0,1,1,0,039c,0,1,00,1,64,217
267,3,0,0,0,0,1,1,0,039c,0,1,00,1,64,217
268,4,0,0,0,0,1,1,0,039c,1,1,00,1,64,217
269,5,0,0,0,0,1,1,0,039c,0,1,00,1,64,218
270,6,0,0,0,0,1,1,0,039c,0,1,00,1,64,218
271,7,0,0,0,0,1,1,0,039c,0,1,00,1,64,218
272,0,1,0,0,1,1,1,1,0000,0,1,00,1,65,216
273,1,0,0,0,0,1,1,0,0000,1,1,00,1,65,216
274,2,0,0,0,0,1,1,0,0000,0,1,00,1,65,217
275,3,0,0,0,0,1,1,0,0000,0,1,00,1,65,217
276,4,0,0,0,0,1,1,0,0000,1,1,00,1,65,217
277,5,0,0,0,0,1,1,0,0000,0,1,00,1,65,218
278,6,0,0,0,0,1,1,0,0000,0,1,00,1,65,218
279,7,0,0,0,0,1,1,0,0000,0,1,00,1,65,218
280,0,1,0,0,1,1,1,1,006e,0,1,00,1,66,216
281,1,0,0,0,0,1,1,0,006e,1,1,00,1,66,216
282,2,0,0,0,0,1,1,0,006e,0,1,00,1,66,217
283,3,0,0,0,0,1,1,0,006e,0,1,00,1,66,217
284,4,0,0,0,0,1,1,0,006e,1,1,00,1,66,217
285,5,0,0,0,0,1,1,0,006e,0,1,00,1,66,218
286,6,0,0,0,0,1,1,0,006e,0,1,00,1,66,218
287,7,0,0,0,0,1,1,0,006e,0,1,00,1,66,218
288,0,1,0,0,1,1,1,1,0000,0,1,00,1,67,216
289,1,0,0,0,0,1,1,0,0000,1,1,00,1,67,216
290,2,0,0,0,0,1,1,0,0000,0,1,00,1,67,217
291,3,0,0,0,0,1,1,0,0000,0,1,00,1,67,217
292,4,0,0,0,0,1,1,0,0000,1,1,00,1,67,217
293,5,0,0,0,0,1,1,0,0000,0,1,00,1,67,218
294,6,0,0,0,0,1,1,0,0000,0,1,00,1,67,218
295,7,0,0,0,0,1,1,0,0000,0,1,00,1,67,218
296,0,1,0,0,1,1,1,1,0153,0,1,00,1,68,216
297,1,0,0,0,0,1,1,0,0153,1,1,00,1,68,216
298,2,0,0,0,0,1,1,0,0153,0,1,00,1,68,217
299,3,0,0,0,0,1,1,0,0153,0,1,00,1,68,217
300,4,0,0,0,0,1,1,0,0153,1,1,00,1,68,217
301,5,0,0,0,0,1,1,0,0153,0,1,00,1,68,218
302,6,0,0,0,0,1,1,0,0153,0,1,00,1,68,218
303,7,0,0,0,0,1,1,0,0153,0,1,00,1,68,218
304,0,1,0,0,1,1,1,1,03ab,0,1,00,1,69,216
305,1,0,0,0,0,1,1,0,03ab,1,1,00,1,69,216
306,2,0,0,0,0,1,1,0,03ab,0,1,00,1,69,217
307,3,0,0,0,0,1,1,0,03ab,0,1,00,1,69,217
308,4,0,0,0,0,1,1,0,03ab,1,1,00,1,69,217
309,5,0,0,0,0,1,1,0,03ab,0,1,00,1,69,218
310,6,0,0,0,0,1,1,0,03ab,0,1,00,1,69,218
311,7,0,0,0,0,1,1,0,03ab,0,1,00,1,69,218
312,0,1,0,0,1,1,1,1,03de,0,1,00,1,70,216
313,1,0,0,0,0,1,1,0,03de,1,1,00,1,70,216
314,2,0,0,0,0,1,1,0,03de,0,1,00,1,70,217
315,3,0,0,0,0,1,1,0,03de,0,1,00,1,70,217
316,4,0,0,0,0,1,1,0,03de,1,1,00,1,70,217
317,5,0,0,0,0,1,1,0,03de,0,1,00,1,70,218
318,6,0,0,0,0,1,1,0,03de,0,1,00,1,70,218
319,7,0,0,0,0,1,1,0,03de,0,1,00,1,70,218
320,0,1,0,0,1,1,1,1,038e,0,1,00,1,71,216
321,1,0,0,0,0,1,1,0,038e,1,1,00,1,71,216
322,2,0,0,0,0,1,1,0,038e,0,1,00,1,71,217
323,3,0,0,0,0,1,1,0,038e,0,1,00,1,71,217
324,4,0,0,0,0,1,1,0,038e,1,1,00,1,71,217
325,5,0,0,0,0,1,1,0,038e,0,1,00,1,71,218
326,6,0,0,0,0,1,1,0,038e,0,1,00,1,71,218
327,7,0,0,0,0,1,1,0,038e,0,1,00,1,71,218
328,0,1,0,0,1,1,1,1,03ca,0,1,00,1,72,216
329,1,0,0,0,0,1,1,0,03ca,1,1,00,1,72,216
330,2,0,0,0,0,1,1,0,03ca,0,1,00,1,72,217
331,3,0,0,0,0,1,1,0,03ca,0,1,00,1,72,217
332,4,0,0,0,0,1,1,0,03ca,1,1,00,1,72,217
333,5,0,0,0,0,1,1,0,03ca,0,1,00,1,72,218
334,6,0,0,0,0,1,1,0,03ca,0,1,00,1,72,218
335,7,0,0,0,0,1,1,0,03ca,0,1,00,1,72,218
336,0,1,0,0,1,1,1,1,0076,0,1,00,1,73,216
337,1,0,0,0,0,1,1,0,0076,1,1,00,1,73,216
338,2,0,0,0,0,1,1,0,0076,0,1,00,1,73,217
339,3,0,0,0,0,1,1,0,0076,0,1,00,1,73,217
340,4,0,0,0,0,1,1,0,0076,1,1,00,1,73,217
341,5,0,0,0,0,1,1,0,0076,0,1,00,1,73,218
342,6,0,0,0,0,1,1,0,0076,0,1,00,1,73,218
343,7,0,0,0,0,1,1,0,0076,0,1,00,1,73,218
344,0,1,0,0,1,1,1,1,03db,0,1,00,1,74,216
345,1,0,0,0,0,1,1,0,03db,1,1,00,1,74,216
346,2,0,0,0,0,1,1,0,03db,0,1,00,1,74,217
347,3,0,0,0,0,1,1,0,03db,0,1,00,1,74,217
348,4,0,0,0,0,1,1,0,03db,1,1,00,1,74,217
349,5,0,0,0,0,1,1,0,03db,0,1,00,1,74,218
350,6,0,0,0,0,1,1,0,03db,0,1,00,1,74,218
351,7,0,0,0,0,1,1,0,03db,0,1,00,1,74,218
352,0,1,0,0,1,1,1,1,0253,0,1,00,1,75,216
353,1,0,0,0,0,1,1,0,0253,1,1,00,1,75,216
354,2,0,0,0,0,1,1,0,0253,0,1,00,1,75,217
355,3,0,0,0,0,1,1,0,0253,0,1,00,1,75,217
356,4,0,0,0,0,1,1,0,0253,1,1,00,1,75,217
357,5,0,0,0,0,1,1,0,0253,0,1,00,1,75,218
358,6,0,0,0,0,1,1,0,0253,0,1,00,1,75,218
359,7,0,0,0,0,1,1,0,0253,0,1,00,1,75,218
360,0,1,0,0,1,1,1,1,03f1,0,1,00,1,76,216
361,1,0,0,0,0,1,1,0,03f1,1,1,00,1,76,216
362,2,0,0,0,0,1,1,0,03f1,0,1,00,1,76,217
363,3,0,0,0,0,1,1,0,03f1,0,1,00,1,76,217
364,4,0,0,0,0,1,1,0,03f1,1,1,00,1,76,217
365,5,0,0,0,0,1,1,0,03f1,0,1,00,1,76,218
366,6,0,0,0,0,1,1,0,03f1,0,1,00,1,76,218
367,7,0,0,0,0,1,1,0,03f1,0,1,00,1,76,218
368,0,1,0,0,1,1,1,1,0360,0,1,00,1,77,216
369,1,0,0,0,0,1,1,0,0360,1,1,00,1,77,216
370,2,0,0,0,0,1,1,0,0360,0,1,00,1,77,217
371,3,0,0,0,0,1,1,0,0360,0,1,00,1,77,217
372,4,0,0,0,0,1,1,0,0360,1,1,00,1,77,217
373,5,0,0,0,0,1,1,0,0360,0,1,00,1,77,218
374,6,0,0,0,0,1,1,0,0360,0,1,00,1,77,218
375,7,0,0,0,0,1,1,0,0360,0,1,00,1,77,218
376,0,1,0,0,1,1,1,1,00e4,0,1,00,1,78,216
377,1,0,0,0,0,1,1,0,00e4,1,1,00,1,78,216
378,2,0,0,0,0,1,1,0,00e4,0,1,00,1,78,217
379,3,0,0,0,0,1,1,0,00e4,0,1,00,1,78,217
380,4,0,0,0,0,1,1,0,00e4,1,1,00,1,78,217
381,5,0,0,0,0,1,1,0,00e4,0,1,00,1,78,218
382,6,0,0,0,0,1,1,0,00e4,0,1,00,1,78,218
383,7,0,0,0,0,1,1,0,00e4,0,1,00,1,78,218
384,0,1,0,0,1,1,1,1,00d3,0,1,00,1,79,216
385,1,0,0,0,0,1,1,0,00d3,1,1,00,1,79,216
386,2,0,0,0,0,1,1,0,00d3,0,1,00,1,79,217
387,3,0,0,0,0,1,1,0,00d3,0,1,00,1,79,217
388,4,0,0,0,0,1,1,0,00d3,1,1,00,1,79,217
389,5,0,0,0,0,1,1,0,00d3,0,1,00,1,79,218
390,6,0,0,0,0,1,1,0,00d3,0,1,00,1,79,218
391,7,0,0,0,0,1,1,0,00d3,0,1,00,1,79,218
392,0,1,0,0,1,1,1,1,03f5,0,1,00,1,80,216
393,1,0,0,0,0,1,1,0,03f5,1,1,00,1,80,216
394,2,0,0,0,0,1,1,0,03f5,0,1,00,1,80,217
395,3,0,0,0,0,1,1,0,03f5,0,1,00,1,80,217
396,4,0,0,0,0,1,1,0,03f5,1,1,00,1,80,217
397,5,0,0,0,0,1,1,0,03f5,0,1,00,1,80,218
398,6,0,0,0,0,1,1,0,03f5,0,1,00,1,80,218
399,7,0,0,0,0,1,1,0,03f5,0,1,00,1,80,218
400,0,1,0,0,1,1,1,1,03d9,0,1,00,1,81,216
401,1,0,0,0,0,1,1,0,03d9,1,1,00,1,81,216
402,2,0,0,0,0,1,1,0,03d9,0,1,00,1,81,217
403,3,0,0,0,0,1,1,0,03d9,0,1,00,1,81,217
404,4,0,0,0,0,1,1,0,03d9,1,1,00,1,81,217
405,5,0,0,0,0,1,1,0,03d9,0,1,00,1,81,218
406,6,0,0,0,0,1,1,0,03d9,0,1,00,1,81,218
407,7,0,0,0,0,1,1,0,03d9,0,1,00,1,81,218
408,0,1,0,0,1,1,1,1,0084,0,1,00,1,82,216
409,1,0,0,0,0,1,1,0,0084,1,1,00,1,82,216
410,2,0,0,0,0,1,1,0,0084,0,1,00,1,82,217
411,3,0,0,0,0,1,1,0,0084,0,1,00,1,82,217
412,4,0,0,0,0,1,1,0,0084,1,1,00,1,82,217
413,5,0,0,0,0,1,1,0,0084,0,1,00,1,82,218
414,6,0,0,0,0,1,1,0,0084,0,1,00,1,82,218
415,7,0,0,0,0,1,1,0,0084,0,1,00,1,82,218
416,0,1,0,0,1,1,1,1,01c8,0,1,00,1,83,216
417,1,0,0,0,0,1,1,0,01c8,1,1,00,1,83,216
418,2,0,0,0,0,1,1,0,01c8,0,1,00,1,83,217
419,3,0,0,0,0,1,1,0,01c8,0,1,00,1,83,217
420,4,0,0,0,0,1,1,0,01c8,1,1,00,1,83,217
421,5,0,0,0,0,1,1,0,01c8,0,1,00,1,83,218
422,6,0,0,0,0,1,1,0,01c8,0,1,00,1,83,218
423,7,0,0,0,0,1,1,0,01c8,0,1,00,1,83,218
424,0,1,0,0,1,1,1,1,00db,0,1,00,1,84,216
425,1,0,0,0,0,1,1,0,00db,1,1,00,1,84,216
426,2,0,0,0,0,1,1,0,00db,0,1,00,1,84,217
427,3,0,0,0,0,1,1,0,00db,0,1,00,1,84,217
428,4,0,0,0,0,1,1,0,00db,1,1,00,1,84,217
429,5,0,0,0,0,1,1,0,00db,0,1,00,1,84,218
430,6,0,0,0,0,1,1,0,00db,0,1,00,1,84,218
431,7,0,0,0,0,1,1,0,00db,0,1,00,1,84,218
432,0,1,0,0,1,1,1,1,0088,0,1,00,1,85,216
433,1,0,0,0,0,1,1,0,0088,1,1,00,1,85,216
434,2,0,0,0,0,1,1,0,0088,0,1,00,1,85,217
435,3,0,0,0,0,1,1,0,0088,0,1,00,1,85,217
436,4,0,0,0,0,1,1,0,0088,1,1,00,1,85,217
437,5,0,0,0,0,1,1,0,0088,0,1,00,1,85,218
438,6,0,0,0,0,1,1,0,0088,0,1,00,1,85,218
439,7,0,0,0,0,1,1,0,0088,0,1,00,1,85,218
440,0,1,0,0,1,1,1,1,007b,0,1,00,1,86,216
441,1,0,0,0,0,1,1,0,007b,1,1,00,1,86,216
442,2,0,0,0,0,1,1,0,007b,0,1,00,1,86,217
443,3,0,0,0,0,1,1,0,007b,0,1,00,1,86,217
444,4,0,0,0,0,1,1,0,007b,1,1,00,1,86,217
445,5,0,0,0,0,1,1,0,007b,0,1,00,1,86,218
446,6,0,0,0,0,1,1,0,007b,0,1,00,1,86,218
447,7,0,0,0,0,1,1,0,007b,0,1,00,1,86,218
448,0,1,0,0,1,1,1,1,03ea,0,1,00,1,87,216
449,1,0,0,0,0,1,1,0,03ea,1,1,00,1,87,216
450,2,0,0,0,0,1,1,0,03ea,0,1,00,1,87,217
451,3,0,0,0,0,1,1,0,03ea,0,1,00,1,87,217
452,4,0,0,0,0,1,1,0,03ea,1,1,00,1,87,217
453,5,0,0,0,0,1,1,0,03ea,0,1,00,1,87,218
454,6,0,0,0,0,1,1,0,03ea,0,1,00,1,87,218
455,7,0,0,0,0,1,1,0,03ea,0,1,00,1,87,218
456,0,1,0,0,1,1,1,1,00fa,0,1,00,1,88,216
457,1,0,0,0,0,1,1,0,00fa,1,1,00,1,88,216
458,2,0,0,0,0,1,1,0,00fa,0,1,00,1,88,217
459,3,0,0,0,0,1,1,0,00fa,0,1,00,1,88,217
460,4,0,0,0,0,1,1,0,00fa,1,1,00,1,88,217
461,5,0,0,0,0,1,1,0,00fa,0,1,00,1,88,218
462,6,0,0,0,0,1,1,0,00fa,0,1,00,1,88,218
463,7,0,0,0,0,1,1,0,00fa,0,1,00,1,88,218
464,0,1,0,0,1,1,1,1,0037,0,1,00,1,89,216
465,1,0,0,0,0,1,1,0,0037,1,1,00,1,89,216
466,2,0,0,0,0,1,1,0,0037,0,1,00,1,89,217
467,3,0,0,0,0,1,1,0,0037,0,1,00,1,89,217
468,4,0,0,0,0,1,1,0,0037,1,1,00,1,89,217
469,5,0,0,0,0,1,1,0,0037,0,1,00,1,89,218
470,6,0,0,0,0,1,1,0,0037,0,1,00,1,89,218
471,7,0,0,0,0,1,1,0,0037,0,1,00,1,89,218
472,0,1,0,0,1,1,1,1,01fc,0,1,00,1,90,216
473,1,0,0,0,0,1,1,0,01fc,1,1,00,1,90,216
474,2,0,0,0,0,1,1,0,01fc,0,1,00,1,90,217
475,3,0,0,0,0,1,1,0,01fc,0,1,00,1,90,217
476,4,0,0,0,0,1,1,0,01fc,1,1,00,1,90,217
477,5,0,0,0,0,1,1,0,01fc,0,1,00,1,90,218
478,6,0,0,0,0,1,1,0,01fc,0,1,00,1,90,218
479,7,0,0,0,0,1,1,0,01fc,0,1,00,1,90,218
480,0,1,0,0,1,1,1,1,03e3,0,1,00,1,91,216
481,1,0,0,0,0,1,1,0,03e3,1,1,00,1,91,216
482,2,0,0,0,0,1,1,0,03e3,0,1,00,1,91,217
483,3,0,0,0,0,1,1,0,03e3,0,1,00,1,91,217
484,4,0,0,0,0,1,1,0,03e3,1,1,00,1,91,217
485,5,0,0,0,0,1,1,0,03e3,0,1,00,1,91,218
486,6,0,0,0,0,1,1,0,03e3,0,1,00,1,91,218
487,7,0,0,0,0,1,1,0,03e3,0,1,00,1,91,218
488,0,1,0,0,1,1,1,1,0355,0,1,00,1,92,216
489,1,0,0,0,0,1,1,0,0355,1,1,00,1,92,216
490,2,0,0,0,0,1,1,0,0355,0,1,00,1,92,217
491,3,0,0,0,0,1,1,0,0355,0,1,00,1,92,217
492,4,0,0,0,0,1,1,0,0355,1,1,00,1,92,217
493,5,0,0,0,0,1,1,0,0355,0,1,00,1,92,218
494,6,0,0,0,0,1,1,0,0355,0,1,00,1,92,218
495,7,0,0,0,0,1,1,0,0355,0,1,00,1,92,218
496,0,1,0,0,1,1,1,1,01b8,0,1,00,1,93,216
497,1,0,0,0,0,1,1,0,01b8,1,1,00,1,93,216
498,2,0,0,0,0,1,1,0,01b8,0,1,00,1,93,217
499,3,0,0,0,0,1,1,0,01b8,0,1,00,1,93,217
500,4,0,0,0,0,1,1,0,01b8,1,1,00,1,93,217
501,5,0,0,0,0,1,1,0,01b8,0,1,00,1,93,218
502,6,0,0,0,0,1,1,0,01b8,0,1,00,1,93,218
503,7,0,0,0,0,1,1,0,01b8,0,1,00,1,93,218
504,0,1,0,0,1,1,1,1,00db,0,1,00,1,94,216
505,1,0,0,0,0,1,1,0,00db,1,1,00,1,94,216
506,2,0,0,0,0,1,1,0,00db,0,1,00,1,94,217
507,3,0,0,0,0,1,1,0,00db,0,1,00,1,94,217
508,4,0,0,0,0,1,1,0,00db,1,1,00,1,94,217
509,5,0,0,0,0,1,1,0,00db,0,1,00,1,94,218
510,6,0,0,0,0,1,1,0,00db,0,1,00,1,94,218
511,7,0,0,0,0,1,1,0,00db,0,1,00,1,94,218
512,0,1,0,0,1,1,1,1,01b4,0,1,00,1,95,216
513,1,0,0,0,0,1,1,0,01b4,1,1,00,1,95,216
514,2,0,0,0,0,1,1,0,01b4,0,1,00,1,95,217
515,3,0,0,0,0,1,1,0,01b4,0,1,00,1,95,217
516,4,0,0,0,0,1,1,0,01b4,1,1,00,1,95,217
517,5,0,0,0,0,1,1,0,01b4,0,1,00,1,95,218
518,6,0,0,0,0,1,1,0,01b4,0,1,00,1,95,218
519,7,0,0,0,0,1,1,0,01b4,0,1,00,1,95,218
520,0,1,0,0,1,1,1,1,03c3,0,1,00,1,96,216
521,1,0,0,0,0,1,1,0,03c3,1,1,00,1,96,216
522,2,0,0,0,0,1,1,0,03c3,0,1,00,1,96,217
523,3,0,0,0,0,1,1,0,03c3,0,1,00,1,96,217
524,4,0,0,0,0,1,1,0,03c3,1,1,00,1,96,217
525,5,0,0,0,0,1,1,0,03c3,0,1,00,1,96,218
526,6,0,0,0,0,1,1,0,03c3,0,1,00,1,96,218
527,7,0,0,0,0,1,1,0,03c3,0,1,00,1,96,218
528,0,1,0,0,1,1,1,1,0008,0,1,00,1,97,216
529,1,0,0,0,0,1,1,0,0008,1,1,00,1,97,216
530,2,0,0,0,0,1,1,0,0008,0,1,00,1,97,217
531,3,0,0,0,0,1,1,0,0008,0,1,00,1,97,217
532,4,0,0,0,0,1,1,0,0008,1,1,00,1,97,217
533,5,0,0,0,0,1,1,0,0008,0,1,00,1,97,218
534,6,0,0,0,0,1,1,0,0008,0,1,00,1,97,218
535,7,0,0,0,0,1,1,0,0008,0,1,00,1,97,218
536,0,1,0,0,1,1,1,1,0073,0,1,00,1,98,216
537,1,0,0,0,0,1,1,0,0073,1,1,00,1,98,216
538,2,0,0,0,0,1,1,0,0073,0,1,00,1,98,217
539,3,0,0,0,0,1,1,0,0073,0,1,00,1,98,217
540,4,0,0,0,0,1,1,0,0073,1,1,00,1,98,217
541,5,0,0,0,0,1,1,0,0073,0,1,00,1,98,218
542,6,0,0,0,0,1,1,0,0073,0,1,00,1,98,218
543,7,0,0,0,0,1,1,0,0073,0,1,00,1,98,218
544,0,1,0,0,1,1,1,1,00de,0,1,00,1,99,216
545,1,0,0,0,0,1,1,0,00de,1,1,00,1,99,216
546,2,0,0,0,0,1,1,0,00de,0,1,00,1,99,217
547,3,0,0,0,0,1,1,0,00de,0,1,00,1,99,217
548,4,0,0,0,0,1,1,0,00de,1,1,00,1,99,217
549,5,0,0,0,0,1,1,0,00de,0,1,00,1,99,218
550,6,0,0,0,0,1,1,0,00de,0,1,00,1,99,218
551,7,0,0,0,0,1,1,0,00de,0,1,00,1,99,218
552,0,1,0,0,1,1,1,1,0017,0,1,00,1,0,216
553,1,0,0,0,0,1,1,0,0017,1,1,00,1,0,216
554,2,0,0,0,0,1,1,0,0017,0,1,00,1,0,217
555,3,0,0,0,0,1,1,0,0017,0,1,00,1,0,217
556,4,0,0,0,0,1,1,0,0017,1,1,00,1,0,217
557,5,0,0,0,0,1,1,0,0017,0,1,00,1,0,218
558,6,0,0,0,0,1,1,0,0017,0,1,00,1,0,218
559,7,0,0,0,0,1,1,0,0017,0,1,00,1,0,218
560,0,1,0,0,1,1,1,1,0005,0,1,00,1,1,216
561,1,0,0,0,0,1,1,0,0005,1,1,00,1,1,216
562,2,0,0,0,0,1,1,0,0005,0,1,00,1,1,217
563,3,0,0,0,0,1,1,0,0005,0,1,00,1,1,217
564,4,0,0,0,0,1,1,0,0005,1,1,00,1,1,217
565,5,0,0,0,0,1,1,0,0005,0,1,00,1,1,218
566,6,0,0,0,0,1,1,0,0005,0,1,00,1,1,218
567,7,0,0,0,0,1,1,0,0005,0,1,00,1,1,218
568,0,1,0,0,1,1,1,1,00fa,0,1,00,1,2,216
569,1,0,0,0,0,1,1,0,00fa,1,1,00,1,2,216
570,2,0,0,0,0,1,1,0,00fa,0,1,00,1,2,217
571,3,0,0,0,0,1,1,0,00fa,0,1,00,1,2,217
572,4,0,0,0,0,1,1,0,00fa,1,1,00,1,2,217
573,5,0,0,0,0,1,1,0,00fa,0,1,00,1,2,218
574,6,0,0,0,0,1,1,0,00fa,0,1,00,1,2,218
575,7,0,0,0,0,1,1,0,00fa,0,1,00,1,2,218
576,0,1,0,0,1,1,1,1,03de,0,1,00,1,3,216
577,1,0,0,0,0,1,1,0,03de,1,1,00,1,3,216
578,2,0,0,0,0,1,1,0,03de,0,1,00,1,3,217
579,3,0,0,0,0,1,1,0,03de,0,1,00,1,3,217
580,4,0,0,0,0,1,1,0,03de,1,1,00,1,3,217
581,5,0,0,0,0,1,1,0,03de,0,1,00,1,3,218
582,6,0,0,0,0,1,1,0,03de,0,1,00,1,3,218
583,7,0,0,0,0,1,1,0,03de,0,1,00,1,3,218
584,0,1,0,0,1,1,1,1,03ca,0,1,00,1,4,216
585,1,0,0,0,0,1,1,0,03ca,1,1,00,1,4,216
586,2,0,0,0,0,1,1,0,03ca,0,1,00,1,4,217
587,3,0,0,0,0,1,1,0,03ca,0,1,00,1,4,217
588,4,0,0,0,0,1,1,0,03ca,1,1,00,1,4,217
589,5,0,0,0,0,1,1,0,03ca,0,1,00,1,4,218
590,6,0,0,0,0,1,1,0,03ca,0,1,00,1,4,218
591,7,0,0,0,0,1,1,0,03ca,0,1,00,1,4,218
592,0,1,0,0,1,1,1,1,00d9,0,1,00,1,5,216
593,1,0,0,0,0,1,1,0,00d9,1,1,00,1,5,216
594,2,0,0,0,0,1,1,0,00d9,0,1,00,1,5,217
595,3,0,0,0,0,1,1,0,00d9,0,1,00,1,5,217
596,4,0,0,0,0,1,1,0,00d9,1,1,00,1,5,217
597,5,0,0,0,0,1,1,0,00d9,0,1,00,1,5,218
598,6,0,0,0,0,1,1,0,00d9,0,1,00,1,5,218
599,7,0,0,0,0,1,1,0,00d9,0,1,00,1,5,218
600,0,1,0,0,1,1,1,1,01c4,0,1,00,1,6,216
601,1,0,0,0,0,1,1,0,01c4,1,1,00,1,6,216
602,2,0,0,0,0,1,1,0,01c4,0,1,00,1,6,217
603,3,0,0,0,0,1,1,0,01c4,0,1,00,1,6,217
604,4,0,0,0,0,1,1,0,01c4,1,1,00,1,6,217
605,5,0,0,0,0,1,1,0,01c4,0,1,00,1,6,218
606,6,0,0,0,0,1,1,0,01c4,0,1,00,1,6,218
607,7,0,0,0,0,1,1,0,01c4,0,1,00,1,6,218
608,0,1,0,0,1,1,1,1,0001,0,1,00,1,7,216
609,1,0,0,0,0,1,1,0,0001,1,1,00,1,7,216
610,2,0,0,0,0,1,1,0,0001,0,1,00,1,7,217
611,3,0,0,0,0,1,1,0,0001,0,1,00,1,7,217
612,4,0,0,0,0,1,1,0,0001,1,1,00,1,7,217
613,5,0,0,0,0,1,1,0,0001,0,1,00,1,7,218
614,6,0,0,0,0,1,1,0,0001,0,1,00,1,7,218
615,7,0,0,0,0,1,1,0,0001,0,1,00,1,7,218
616,0,1,0,0,1,1,1,1,0186,0,1,00,1,8,216
617,1,0,0,0,0,1,1,0,0186,1,1,00,1,8,216
618,2,0,0,0,0,1,1,0,0186,0,1,00,1,8,217
619,3,0,0,0,0,1,1,0,0186,0,1,00,1,8,217
620,4,0,0,0,0,1,1,0,0186,1,1,00,1,8,217
621,5,0,0,0,0,1,1,0,0186,0,1,00,1,8,218
622,6,0,0,0,0,1,1,0,0186,0,1,00,1,8,218
623,7,0,0,0,0,1,1,0,0186,0,1,00,1,8,218
624,0,1,0,0,1,1,1,1,03dc,0,1,00,1,9,216
625,1,0,0,0,0,1,1,0,03dc,1,1,00,1,9,216
626,2,0,0,0,0,1,1,0,03dc,0,1,00,1,9,217
627,3,0,0,0,0,1,1,0,03dc,0,1,00,1,9,217
628,4,0,0,0,0,1,1,0,03dc,1,1,00,1,9,217
629,5,0,0,0,0,1,1,0,03dc,0,1,00,1,9,218
630,6,0,0,0,0,1,1,0,03dc,0,1,00,1,9,218
631,7,0,0,0,0,1,1,0,03dc,0,1,00,1,9,218
632,0,1,0,0,1,1,1,1,03eb,0,1,00,1,10,216
633,1,0,0,0,0,1,1,0,03eb,1,1,00,1,10,216
634,2,0,0,0,0,1,1,0,03eb,0,1,00,1,10,217
635,3,0,0,0,0,1,1,0,03eb,0,1,00,1,10,217
636,4,0,0,0,0,1,1,0,03eb,1,1,00,1,10,217
637,5,0,0,0,0,1,1,0,03eb,0,1,00,1,10,218
638,6,0,0,0,0,1,1,0,03eb,0,1,00,1,10,218
639,7,0,0,0,0,1,1,0,03eb,0,1,00,1,10,218
640,0,1,0,0,1,1,1,1,0002,0,1,00,1,11,216
641,1,0,0,0,0,1,1,0,0002,1,1,00,1,11,216
642,2,0,0,0,0,1,1,0,0002,0,1,00,1,11,217
643,3,0,0,0,0,1,1,0,0002,0,1,00,1,11,217
644,4,0,0,0,0,1,1,0,0002,1,1,00,1,11,217
645,5,0,0,0,0,1,1,0,0002,0,1,00,1,11,218
646,6,0,0,0,0,1,1,0,0002,0,1,00,1,11,218
647,7,0,0,0,0,1,1,0,0002,0,1,00,1,11,218
648,0,1,0,0,1,1,1,1,00b6,0,1,00,1,12,216
649,1,0,0,0,0,1,1,0,00b6,1,1,00,1,12,216
650,2,0,0,0,0,1,1,0,00b6,0,1,00,1,12,217
651,3,0,0,0,0,1,1,0,00b6,0,1,00,1,12,217
652,4,0,0,0,0,1,1,0,00b6,1,1,00,1,12,217
653,5,0,0,0,0,1,1,0,00b6,0,1,00,1,12,218
654,6,0,0,0,0,1,1,0,00b6,0,1,00,1,12,218
655,7,0,0,0,0,1,1,0,00b6,0,1,00,1,12,218
656,0,1,0,0,1,1,1,1,024b,0,1,00,1,13,216
657,1,0,0,0,0,1,1,0,024b,1,1,00,1,13,216
658,2,0,0,0,0,1,1,0,024b,0,1,00,1,13,217
659,3,0,0,0,0,1,1,0,024b,0,1,00,1,13,217
660,4,0,0,0,0,1,1,0,024b,1,1,00,1,13,217
661,5,0,0,0,0,1,1,0,024b,0,1,00,1,13,218
662,6,0,0,0,0,1,1,0,024b,0,1,00,1,13,218
663,7,0,0,0,0,1,1,0,024b,0,1,00,1,13,218
664,0,1,0,0,1,1,1,1,036c,0,1,00,1,14,216
665,1,0,0,0,0,1,1,0,036c,1,1,00,1,14,216
666,2,0,0,0,0,1,1,0,036c,0,1,00,1,14,217
667,3,0,0,0,0,1,1,0,036c,0,1,00,1,14,217
668,4,0,0,0,0,1,1,0,036c,1,1,00,1,14,217
669,5,0,0,0,0,1,1,0,036c,0,1,00,1,14,218
670,6,0,0,0,0,1,1,0,036c,0,1,00,1,14,218
671,7,0,0,0,0,1,1,0,036c,0,1,00,1,14,218
672,0,1,0,0,1,1,1,1,00d1,0,1,00,1,15,216
673,1,0,0,0,0,1,1,0,00d1,1,1,00,1,15,216
674,2,0,0,0,0,1,1,0,00d1,0,1,00,1,15,217
675,3,0,0,0,0,1,1,0,00d1,0,1,00,1,15,217
676,4,0,0,0,0,1,1,0,00d1,1,1,00,1,15,217
677,5,0,0,0,0,1,1,0,00d1,0,1,00,1,15,218
678,6,0,0,0,0,1,1,0,00d1,0,1,00,1,15,218
679,7,0,0,0,0,1,1,0,00d1,0,1,00,1,15,218
680,0,1,0,0,1,1,1,1,0392,0,1,00,1,16,216
681,1,0,0,0,0,1,1,0,0392,1,1,00,1,16,216
682,2,0,0,0,0,1,1,0,0392,0,1,00,1,16,217
683,3,0,0,0,0,1,1,0,0392,0,1,00,1,16,217
684,4,0,0,0,0,1,1,0,0392,1,1,00,1,16,217
685,5,0,0,0,0,1,1,0,0392,0,1,00,1,16,218
686,6,0,0,0,0,1,1,0,0392,0,1,00,1,16,218
687,7,0,0,0,0,1,1,0,0392,0,1,00,1,16,218
688,0,1,0,0,1,1,1,1,03ac,0,1,00,1,17,216
689,1,0,0,0,0,1,1,0,03ac,1,1,00,1,17,216
690,2,0,0,0,0,1,1,0,03ac,0,1,00,1,17,217
691,3,0,0,0,0,1,1,0,03ac,0,1,00,1,17,217
692,4,0,0,0,0,1,1,0,03ac,1,1,00,1,17,217
693,5,0,0,0,0,1,1,0,03ac,0,1,00,1,17,218
694,6,0,0,0,0,1,1,0,03ac,0,1,00,1,17,218
695,7,0,0,0,0,1,1,0,03ac,0,1,00,1,17,218
696,0,1,0,0,1,1,1,1,0001,0,1,00,1,18,216
697,1,0,0,0,0,1,1,0,0001,1,1,00,1,18,216
698,2,0,0,0,0,1,1,0,0001,0,1,00,1,18,217
699,3,0,0,0,0,1,1,0,0001,0,1,00,1,18,217
700,4,0,0,0,0,1,1,0,0001,1,1,00,1,18,217
701,5,0,0,0,0,1,1,0,0001,0,1,00,1,18,218
702,6,0,0,0,0,1,1,0,0001,0,1,00,1,18,218
703,7,0,0,0,0,1,1,0,0001,0,1,00,1,18,218
704,0,1,0,0,1,1,1,1,038e,0,1,00,1,19,216
705,1,0,0,0,0,1,1,0,038e,1,1,00,1,19,216
706,2,0,0,0,0,1,1,0,038e,0,1,00,1,19,217
707,3,0,0,0,0,1,1,0,038e,0,1,00,1,19,217
708,4,0,0,0,0,1,1,0,038e,1,1,00,1,19,217
709,5,0,0,0,0,1,1,0,038e,0,1,00,1,19,218
710,6,0,0,0,0,1,1,0,038e,0,1,00,1,19,218
711,7,0,0,0,0,1,1,0,038e,0,1,00,1,19,218
712,0,1,0,0,1,1,1,1,000a,0,1,00,1,20,216
713,1,0,0,0,0,1,1,0,000a,1,1,00,1,20,216
714,2,0,0,0,0,1,1,0,000a,0,1,00,1,20,217
715,3,0,0,0,0,1,1,0,000a,0,1,00,1,20,217
716,4,0,0,0,0,1,1,0,000a,1,1,00,1,20,217
717,5,0,0,0,0,1,1,0,000a,0,1,00,1,20,218
718,6,0,0,0,0,1,1,0,000a,0,1,00,1,20,218
719,7,0,0,0,0,1,1,0,000a,0,1,00,1,20,218
720,0,1,0,0,1,1,1,1,03b4,0,1,00,1,21,216
721,1,0,0,0,0,1,1,0,03b4,1,1,00,1,21,216
722,2,0,0,0,0,1,1,0,03b4,0,1,00,1,21,217
723,3,0,0,0,0,1,1,0,03b4,0,1,00,1,21,217
724,4,0,0,0,0,1,1,0,03b4,1,1,00,1,21,217
725,5,0,0,0,0,1,1,0,03b4,0,1,00,1,21,218
726,6,0,0,0,0,1,1,0,03b4,0,1,00,1,21,218
727,7,0,0,0,0,1,1,0,03b4,0,1,00,1,21,218
728,0,1,0,0,1,1,1,1,0382,0,1,00,1,22,216
729,1,0,0,0,0,1,1,0,0382,1,1,00,1,22,216
730,2,0,0,0,0,1,1,0,0382,0,1,00,1,22,217
731,3,0,0,0,0,1,1,0,0382,0,1,00,1,22,217
732,4,0,0,0,0,1,1,0,0382,1,1,00,1,22,217
733,5,0,0,0,0,1,1,0,0382,0,1,00,1,22,218
734,6,0,0,0,0,1,1,0,0382,0,1,00,1,22,218
735,7,0,0,0,0,1,1,0,0382,0,1,00,1,22,218
736,0,1,0,0,1,1,1,1,0307,0,1,00,1,23,216
737,1,0,0,0,0,1,1,0,0307,1,1,00,1,23,216
738,2,0,0,0,0,1,1,0,0307,0,1,00,1,23,217
739,3,0,0,0,0,1,1,0,0307,0,1,00,1,23,217
740,4,0,0,0,0,1,1,0,0307,1,1,00,1,23,217
741,5,0,0,0,0,1,1,0,0307,0,1,00,1,23,218
742,6,0,0,0,0,1,1,0,0307,0,1,00,1,23,218
743,7,0,0,0,0,1,1,0,0307,0,1,00,1,23,218
744,0,1,0,0,1,1,1,1,005a,0,1,00,1,24,216
745,1,0,0,0,0,1,1,0,005a,1,1,00,1,24,216
746,2,0,0,0,0,1,1,0,005a,0,1,00,1,24,217
747,3,0,0,0,0,1,1,0,005a,0,1,00,1,24,217
748,4,0,0,0,0,1,1,0,005a,1,1,00,1,24,217
749,5,0,0,0,0,1,1,0,005a,0,1,00,1,24,218
750,6,0,0,0,0,1,1,0,005a,0,1,00,1,24,218
751,7,0,0,0,0,1,1,0,005a,0,1,00,1,24,218
752,0,1,0,0,1,1,1,1,0008,0,1,00,1,25,216
753,1,0,0,0,0,1,1,0,0008,1,1,00,1,25,216
754,2,0,0,0,0,1,1,0,0008,0,1,00,1,25,217
755,3,0,0,0,0,1,1,0,0008,0,1,00,1,25,217
756,4,0,0,0,0,1,1,0,0008,1,1,00,1,25,217
757,5,0,0,0,0,1,1,0,0008,0,1,00,1,25,218
758,6,0,0,0,0,1,1,0,0008,0,1,00,1,25,218
759,7,0,0,0,0,1,1,0,0008,0,1,00,1,25,218
760,0,1,0,0,1,1,1,1,035e,0,1,00,1,26,216
761,1,0,0,0,0,1,1,0,035e,1,1,00,1,26,216
762,2,0,0,0,0,1,1,0,035e,0,1,00,1,26,217
763,3,0,0,0,0,1,1,0,035e,0,1,00,1,26,217
764,4,0,0,0,0,1,1,0,035e,1,1,00,1,26,217
765,5,0,0,0,0,1,1,0,035e,0,1,00,1,26,218
766,6,0,0,0,0,1,1,0,035e,0,1,00,1,26,218
767,7,0,0,0,0,1,1,0,035e,0,1,00,1,26,218
768,0,1,0,0,1,1,1,1,03f2,0,1,00,1,27,216
769,1,0,0,0,0,1,1,0,03f2,1,1,00,1,27,216
770,2,0,0,0,0,1,1,0,03f2,0,1,00,1,27,217
771,3,0,0,0,0,1,1,0,03f2,0,1,00,1,27,217
772,4,0,0,0,0,1,1,0,03f2,1,1,00,1,27,217
773,5,0,0,0,0,1,1,0,03f2,0,1,00,1,27,218
774,6,0,0,0,0,1,1,0,03f2,0,1,00,1,27,218
775,7,0,0,0,0,1,1,0,03f2,0,1,00,1,27,218
776,0,1,0,0,1,1,1,1,03b5,0,1,00,1,28,216
777,1,0,0,0,0,1,1,0,03b5,1,1,00,1,28,216
778,2,0,0,0,0,1,1,0,03b5,0,1,00,1,28,217
779,3,0,0,0,0,1,1,0,03b5,0,1,00,1,28,217
780,4,0,0,0,0,1,1,0,03b5,1,1,00,1,28,217
781,5,0,0,0,0,1,1,0,03b5,0,1,00,1,28,218
782,6,0,0,0,0,1,1,0,03b5,0,1,00,1,28,218
783,7,0,0,0,0,1,1,0,03b5,0,1,00,1,28,218
784,0,1,0,0,1,1,1,1,004d,0,1,00,1,29,216
785,1,0,0,0,0,1,1,0,004d,1,1,00,1,29,216
786,2,0,0,0,0,1,1,0,004d,0,1,00,1,29,217
787,3,0,0,0,0,1,1,0,004d,0,1,00,1,29,217
788,4,0,0,0,0,1,1,0,004d,1,1,00,1,29,217
789,5,0,0,0,0,1,1,0,004d,0,1,00,1,29,218
790,6,0,0,0,0,1,1,0,004d,0,1,00,1,29,218
791,7,0,0,0,0,1,1,0,004d,0,1,00,1,29,218
792,0,1,0,0,1,1,1,1,0005,0,1,00,1,30,216
793,1,0,0,0,0,1,1,0,0005,1,1,00,1,30,216
794,2,0,0,0,0,1,1,0,0005,0,1,00,1,30,217
795,3,0,0,0,0,1,1,0,0005,0,1,00,1,30,217
796,4,0,0,0,0,1,1,0,0005,1,1,00,1,30,217
797,5,0,0,0,0,1,1,0,0005,0,1,00,1,30,218
798,6,0,0,0,0,1,1,0,0005,0,1,00,1,30,218
799,7,0,0,0,0,1,1,0,0005,0,1,00,1,30,218
