Sample in Buffer,Sample in Window,TRIGGER,ap_idle,ap_ready,ap_done,ap_start_1,layer18_out_TREADY,layer18_out_TVALID,layer18_out_TDATA[15:0],input_layer_TREADY,input_layer_TVALID,input_layer_TDATA[7:0],sending_active,event_counter[9:0],byte_counter[6:0]
Radix - UNSIGNED,UNSIGNED,UNSIGNED,HEX,HEX,HEX,HEX,HEX,HEX,HEX,HEX,HEX,HEX,HEX,HEX,HEX
0,0,1,0,0,1,1,1,1,0001,1,1,00,1,002,0b
1,1,0,0,0,0,1,1,0,0001,0,1,00,1,002,0c
2,0,1,0,0,1,1,1,1,0186,0,1,00,1,004,42
3,1,0,0,0,0,1,1,0,0186,0,1,00,1,004,42
4,0,1,0,0,1,1,1,1,03dc,0,1,00,1,005,1f
5,1,0,0,0,0,1,1,0,03dc,0,1,00,1,005,1f
6,0,1,0,0,1,1,1,1,03eb,0,1,00,1,007,55
7,1,0,0,0,0,1,1,0,03eb,1,1,00,1,007,55
8,0,1,0,0,1,1,1,1,0002,0,1,00,1,008,34
9,1,0,0,0,0,1,1,0,0002,1,1,00,1,008,34
10,0,1,0,0,1,1,1,1,00b6,0,1,00,1,00a,6a
11,1,0,0,0,0,1,1,0,00b6,0,1,00,1,00a,6a
12,0,1,0,0,1,1,1,1,024b,1,1,00,1,00b,47
13,1,0,0,0,0,1,1,0,024b,0,1,00,1,00b,48
14,0,1,0,0,1,1,1,1,036c,0,1,00,1,00d,7e
15,1,0,0,0,0,1,1,0,036c,0,1,00,1,00d,7e
16,0,1,0,0,1,1,1,1,00d1,0,1,00,1,00e,5d
17,1,0,0,0,0,1,1,0,00d1,0,1,00,1,00e,5d
18,0,1,0,0,1,1,1,1,0392,0,1,00,1,010,58
19,1,0,0,0,0,1,1,0,0392,1,1,00,1,010,58
20,0,1,0,0,1,1,1,1,03ac,0,1,00,1,011,58
21,1,0,0,0,0,1,1,0,03ac,1,1,00,1,011,58
22,0,1,0,0,1,1,1,1,0001,0,1,00,1,012,58
23,1,0,0,0,0,1,1,0,0001,1,1,00,1,012,58
24,0,1,0,0,1,1,1,1,038e,0,1,00,1,013,58
25,1,0,0,0,0,1,1,0,038e,1,1,00,1,013,58
26,0,1,0,0,1,1,1,1,000a,0,1,00,1,014,58
27,1,0,0,0,0,1,1,0,000a,1,1,00,1,014,58
28,0,1,0,0,1,1,1,1,03b4,0,1,00,1,015,58
29,1,0,0,0,0,1,1,0,03b4,1,1,00,1,015,58
30,0,1,0,0,1,1,1,1,0382,0,1,00,1,016,58
31,1,0,0,0,0,1,1,0,0382,1,1,00,1,016,58
32,0,1,0,0,1,1,1,1,0307,0,1,00,1,017,58
33,1,0,0,0,0,1,1,0,0307,1,1,00,1,017,58
34,0,1,0,0,1,1,1,1,005a,0,1,00,1,018,58
35,1,0,0,0,0,1,1,0,005a,1,1,00,1,018,58
36,0,1,0,0,1,1,1,1,0008,0,1,00,1,019,58
37,1,0,0,0,0,1,1,0,0008,1,1,00,1,019,58
38,0,1,0,0,1,1,1,1,035e,0,1,00,1,01a,58
39,1,0,0,0,0,1,1,0,035e,1,1,00,1,01a,58
40,0,1,0,0,1,1,1,1,03f2,0,1,00,1,01b,58
41,1,0,0,0,0,1,1,0,03f2,1,1,00,1,01b,58
42,0,1,0,0,1,1,1,1,03b5,0,1,00,1,01c,58
43,1,0,0,0,0,1,1,0,03b5,1,1,00,1,01c,58
44,0,1,0,0,1,1,1,1,004d,0,1,00,1,01d,58
45,1,0,0,0,0,1,1,0,004d,1,1,00,1,01d,58
46,0,1,0,0,1,1,1,1,0005,0,1,00,1,01e,58
47,1,0,0,0,0,1,1,0,0005,1,1,00,1,01e,58
48,0,1,0,0,1,1,1,1,03a5,0,1,00,1,01f,58
49,1,0,0,0,0,1,1,0,03a5,1,1,00,1,01f,58
50,0,1,0,0,1,1,1,1,0003,0,1,00,1,020,58
51,1,0,0,0,0,1,1,0,0003,1,1,00,1,020,58
52,0,1,0,0,1,1,1,1,004d,0,1,00,1,021,58
53,1,0,0,0,0,1,1,0,004d,1,1,00,1,021,58
54,0,1,0,0,1,1,1,1,0093,0,1,00,1,022,58
55,1,0,0,0,0,1,1,0,0093,1,1,00,1,022,58
56,0,1,0,0,1,1,1,1,01b4,0,1,00,1,023,58
57,1,0,0,0,0,1,1,0,01b4,1,1,00,1,023,58
58,0,1,0,0,1,1,1,1,0006,0,1,00,1,024,58
59,1,0,0,0,0,1,1,0,0006,1,1,00,1,024,58
60,0,1,0,0,1,1,1,1,0133,0,1,00,1,025,58
61,1,0,0,0,0,1,1,0,0133,1,1,00,1,025,58
62,0,1,0,0,1,1,1,1,006a,0,1,00,1,026,58
63,1,0,0,0,0,1,1,0,006a,1,1,00,1,026,58
64,0,1,0,0,1,1,1,1,0048,0,1,00,1,027,58
65,1,0,0,0,0,1,1,0,0048,1,1,00,1,027,58
66,0,1,0,0,1,1,1,1,03a2,0,1,00,1,028,58
67,1,0,0,0,0,1,1,0,03a2,1,1,00,1,028,58
68,0,1,0,0,1,1,1,1,032e,0,1,00,1,029,58
69,1,0,0,0,0,1,1,0,032e,1,1,00,1,029,58
70,0,1,0,0,1,1,1,1,0319,0,1,00,1,02a,58
71,1,0,0,0,0,1,1,0,0319,1,1,00,1,02a,58
72,0,1,0,0,1,1,1,1,01e8,0,1,00,1,02b,58
73,1,0,0,0,0,1,1,0,01e8,1,1,00,1,02b,58
74,0,1,0,0,1,1,1,1,0029,0,1,00,1,02c,58
75,1,0,0,0,0,1,1,0,0029,1,1,00,1,02c,58
76,0,1,0,0,1,1,1,1,00c7,0,1,00,1,02d,58
77,1,0,0,0,0,1,1,0,00c7,1,1,00,1,02d,58
78,0,1,0,0,1,1,1,1,03cd,0,1,00,1,02e,58
79,1,0,0,0,0,1,1,0,03cd,1,1,00,1,02e,58
80,0,1,0,0,1,1,1,1,01b0,0,1,00,1,02f,58
81,1,0,0,0,0,1,1,0,01b0,1,1,00,1,02f,58
82,0,1,0,0,1,1,1,1,0003,0,1,00,1,030,58
83,1,0,0,0,0,1,1,0,0003,1,1,00,1,030,58
84,0,1,0,0,1,1,1,1,003a,0,1,00,1,031,58
85,1,0,0,0,0,1,1,0,003a,1,1,00,1,031,58
86,0,1,0,0,1,1,1,1,03ed,0,1,00,1,032,58
87,1,0,0,0,0,1,1,0,03ed,1,1,00,1,032,58
88,0,1,0,0,1,1,1,1,001e,0,1,00,1,033,58
89,1,0,0,0,0,1,1,0,001e,1,1,00,1,033,58
90,0,1,0,0,1,1,1,1,0297,0,1,00,1,034,58
91,1,0,0,0,0,1,1,0,0297,1,1,00,1,034,58
92,0,1,0,0,1,1,1,1,0061,0,1,00,1,035,58
93,1,0,0,0,0,1,1,0,0061,1,1,00,1,035,58
94,0,1,0,0,1,1,1,1,00ce,0,1,00,1,036,58
95,1,0,0,0,0,1,1,0,00ce,1,1,00,1,036,58
96,0,1,0,0,1,1,1,1,0009,0,1,00,1,037,58
97,1,0,0,0,0,1,1,0,0009,1,1,00,1,037,58
98,0,1,0,0,1,1,1,1,0008,0,1,00,1,038,58
99,1,0,0,0,0,1,1,0,0008,1,1,00,1,038,58
100,0,1,0,0,1,1,1,1,00fa,0,1,00,1,039,58
101,1,0,0,0,0,1,1,0,00fa,1,1,00,1,039,58
102,0,1,0,0,1,1,1,1,02c8,0,1,00,1,03a,58
103,1,0,0,0,0,1,1,0,02c8,1,1,00,1,03a,58
104,0,1,0,0,1,1,1,1,0355,0,1,00,1,03b,58
105,1,0,0,0,0,1,1,0,0355,1,1,00,1,03b,58
106,0,1,0,0,1,1,1,1,0168,0,1,00,1,03c,58
107,1,0,0,0,0,1,1,0,0168,1,1,00,1,03c,58
108,0,1,0,0,1,1,1,1,030d,0,1,00,1,03d,58
109,1,0,0,0,0,1,1,0,030d,1,1,00,1,03d,58
110,0,1,0,0,1,1,1,1,0015,0,1,00,1,03e,58
111,1,0,0,0,0,1,1,0,0015,1,1,00,1,03e,58
112,0,1,0,0,1,1,1,1,009f,0,1,00,1,03f,58
113,1,0,0,0,0,1,1,0,009f,1,1,00,1,03f,58
114,0,1,0,0,1,1,1,1,039c,0,1,00,1,040,58
115,1,0,0,0,0,1,1,0,039c,1,1,00,1,040,58
116,0,1,0,0,1,1,1,1,0000,0,1,00,1,041,58
117,1,0,0,0,0,1,1,0,0000,1,1,00,1,041,58
118,0,1,0,0,1,1,1,1,006e,0,1,00,1,042,58
119,1,0,0,0,0,1,1,0,006e,1,1,00,1,042,58
120,0,1,0,0,1,1,1,1,0000,0,1,00,1,043,58
121,1,0,0,0,0,1,1,0,0000,1,1,00,1,043,58
122,0,1,0,0,1,1,1,1,0153,0,1,00,1,044,58
123,1,0,0,0,0,1,1,0,0153,1,1,00,1,044,58
124,0,1,0,0,1,1,1,1,03ab,0,1,00,1,045,58
125,1,0,0,0,0,1,1,0,03ab,1,1,00,1,045,58
126,0,1,0,0,1,1,1,1,03de,0,1,00,1,046,58
127,1,0,0,0,0,1,1,0,03de,1,1,00,1,046,58
128,0,1,0,0,1,1,1,1,038e,0,1,00,1,047,58
129,1,0,0,0,0,1,1,0,038e,1,1,00,1,047,58
130,0,1,0,0,1,1,1,1,03ca,0,1,00,1,048,58
131,1,0,0,0,0,1,1,0,03ca,1,1,00,1,048,58
132,0,1,0,0,1,1,1,1,0076,0,1,00,1,049,58
133,1,0,0,0,0,1,1,0,0076,1,1,00,1,049,58
134,0,1,0,0,1,1,1,1,03db,0,1,00,1,04a,58
135,1,0,0,0,0,1,1,0,03db,1,1,00,1,04a,58
136,0,1,0,0,1,1,1,1,0253,0,1,00,1,04b,58
137,1,0,0,0,0,1,1,0,0253,1,1,00,1,04b,58
138,0,1,0,0,1,1,1,1,03f1,0,1,00,1,04c,58
139,1,0,0,0,0,1,1,0,03f1,1,1,00,1,04c,58
140,0,1,0,0,1,1,1,1,0360,0,1,00,1,04d,58
141,1,0,0,0,0,1,1,0,0360,1,1,00,1,04d,58
142,0,1,0,0,1,1,1,1,00e4,0,1,00,1,04e,58
143,1,0,0,0,0,1,1,0,00e4,1,1,00,1,04e,58
144,0,1,0,0,1,1,1,1,00d3,0,1,00,1,04f,58
145,1,0,0,0,0,1,1,0,00d3,1,1,00,1,04f,58
146,0,1,0,0,1,1,1,1,03f5,0,1,00,1,050,58
147,1,0,0,0,0,1,1,0,03f5,1,1,00,1,050,58
148,0,1,0,0,1,1,1,1,03d9,0,1,00,1,051,58
149,1,0,0,0,0,1,1,0,03d9,1,1,00,1,051,58
150,0,1,0,0,1,1,1,1,0084,0,1,00,1,052,58
151,1,0,0,0,0,1,1,0,0084,1,1,00,1,052,58
152,0,1,0,0,1,1,1,1,01c8,0,1,00,1,053,58
153,1,0,0,0,0,1,1,0,01c8,1,1,00,1,053,58
154,0,1,0,0,1,1,1,1,00db,0,1,00,1,054,58
155,1,0,0,0,0,1,1,0,00db,1,1,00,1,054,58
156,0,1,0,0,1,1,1,1,0088,0,1,00,1,055,58
157,1,0,0,0,0,1,1,0,0088,1,1,00,1,055,58
158,0,1,0,0,1,1,1,1,007b,0,1,00,1,056,58
159,1,0,0,0,0,1,1,0,007b,1,1,00,1,056,58
160,0,1,0,0,1,1,1,1,03ea,0,1,00,1,057,58
161,1,0,0,0,0,1,1,0,03ea,1,1,00,1,057,58
162,0,1,0,0,1,1,1,1,00fa,0,1,00,1,058,58
163,1,0,0,0,0,1,1,0,00fa,1,1,00,1,058,58
164,0,1,0,0,1,1,1,1,0037,0,1,00,1,059,58
165,1,0,0,0,0,1,1,0,0037,1,1,00,1,059,58
166,0,1,0,0,1,1,1,1,01fc,0,1,00,1,05a,58
167,1,0,0,0,0,1,1,0,01fc,1,1,00,1,05a,58
168,0,1,0,0,1,1,1,1,03e3,0,1,00,1,05b,58
169,1,0,0,0,0,1,1,0,03e3,1,1,00,1,05b,58
170,0,1,0,0,1,1,1,1,0355,0,1,00,1,05c,58
171,1,0,0,0,0,1,1,0,0355,1,1,00,1,05c,58
172,0,1,0,0,1,1,1,1,01b8,0,1,00,1,05d,58
173,1,0,0,0,0,1,1,0,01b8,1,1,00,1,05d,58
174,0,1,0,0,1,1,1,1,00db,0,1,00,1,05e,58
175,1,0,0,0,0,1,1,0,00db,1,1,00,1,05e,58
176,0,1,0,0,1,1,1,1,01b4,0,1,00,1,05f,58
177,1,0,0,0,0,1,1,0,01b4,1,1,00,1,05f,58
178,0,1,0,0,1,1,1,1,03c3,0,1,00,1,060,58
179,1,0,0,0,0,1,1,0,03c3,1,1,00,1,060,58
180,0,1,0,0,1,1,1,1,0008,0,1,00,1,061,58
181,1,0,0,0,0,1,1,0,0008,1,1,00,1,061,58
182,0,1,0,0,1,1,1,1,0073,0,1,00,1,062,58
183,1,0,0,0,0,1,1,0,0073,1,1,00,1,062,58
184,0,1,0,0,1,1,1,1,00de,0,1,00,1,063,58
185,1,0,0,0,0,1,1,0,00de,1,1,00,1,063,58
186,0,1,0,0,1,1,1,1,0017,0,1,00,1,064,58
187,1,0,0,0,0,1,1,0,0017,1,1,00,1,064,58
188,0,1,0,0,1,1,1,1,0005,0,1,00,1,065,58
189,1,0,0,0,0,1,1,0,0005,1,1,00,1,065,58
190,0,1,0,0,1,1,1,1,00fa,0,1,00,1,066,58
191,1,0,0,0,0,1,1,0,00fa,1,1,00,1,066,58
192,0,1,0,0,1,1,1,1,03de,0,1,00,1,067,58
193,1,0,0,0,0,1,1,0,03de,1,1,00,1,067,58
194,0,1,0,0,1,1,1,1,03ca,0,1,00,1,068,58
195,1,0,0,0,0,1,1,0,03ca,1,1,00,1,068,58
196,0,1,0,0,1,1,1,1,00d9,0,1,00,1,069,58
197,1,0,0,0,0,1,1,0,00d9,1,1,00,1,069,58
198,0,1,0,0,1,1,1,1,01c4,0,1,00,1,06a,58
199,1,0,0,0,0,1,1,0,01c4,1,1,00,1,06a,58
200,0,1,0,0,1,1,1,1,001f,0,1,00,1,06b,58
201,1,0,0,0,0,1,1,0,001f,1,1,00,1,06b,58
202,0,1,0,0,1,1,1,1,0145,0,1,00,1,06c,58
203,1,0,0,0,0,1,1,0,0145,1,1,00,1,06c,58
204,0,1,0,0,1,1,1,1,0030,0,1,00,1,06d,58
205,1,0,0,0,0,1,1,0,0030,1,1,00,1,06d,58
206,0,1,0,0,1,1,1,1,0003,0,1,00,1,06e,58
207,1,0,0,0,0,1,1,0,0003,1,1,00,1,06e,58
208,0,1,0,0,1,1,1,1,0133,0,1,00,1,06f,58
209,1,0,0,0,0,1,1,0,0133,1,1,00,1,06f,58
210,0,1,0,0,1,1,1,1,01d0,0,1,00,1,070,58
211,1,0,0,0,0,1,1,0,01d0,1,1,00,1,070,58
212,0,1,0,0,1,1,1,1,0374,0,1,00,1,071,58
213,1,0,0,0,0,1,1,0,0374,1,1,00,1,071,58
214,0,1,0,0,1,1,1,1,0004,0,1,00,1,072,58
215,1,0,0,0,0,1,1,0,0004,1,1,00,1,072,58
216,0,1,0,0,1,1,1,1,026a,0,1,00,1,073,58
217,1,0,0,0,0,1,1,0,026a,1,1,00,1,073,58
218,0,1,0,0,1,1,1,1,005e,0,1,00,1,074,58
219,1,0,0,0,0,1,1,0,005e,1,1,00,1,074,58
220,0,1,0,0,1,1,1,1,0032,0,1,00,1,075,58
221,1,0,0,0,0,1,1,0,0032,1,1,00,1,075,58
222,0,1,0,0,1,1,1,1,0022,0,1,00,1,076,58
223,1,0,0,0,0,1,1,0,0022,1,1,00,1,076,58
224,0,1,0,0,1,1,1,1,00c4,0,1,00,1,077,58
225,1,0,0,0,0,1,1,0,00c4,1,1,00,1,077,58
226,0,1,0,0,1,1,1,1,01a8,0,1,00,1,078,58
227,1,0,0,0,0,1,1,0,01a8,1,1,00,1,078,58
228,0,1,0,0,1,1,1,1,0350,0,1,00,1,079,58
229,1,0,0,0,0,1,1,0,0350,1,1,00,1,079,58
230,0,1,0,0,1,1,1,1,016c,0,1,00,1,07a,58
231,1,0,0,0,0,1,1,0,016c,1,1,00,1,07a,58
232,0,1,0,0,1,1,1,1,03aa,0,1,00,1,07b,58
233,1,0,0,0,0,1,1,0,03aa,1,1,00,1,07b,58
234,0,1,0,0,1,1,1,1,03c3,0,1,00,1,07c,58
235,1,0,0,0,0,1,1,0,03c3,1,1,00,1,07c,58
236,0,1,0,0,1,1,1,1,03e5,0,1,00,1,07d,58
237,1,0,0,0,0,1,1,0,03e5,1,1,00,1,07d,58
238,0,1,0,0,1,1,1,1,007d,0,1,00,1,07e,58
239,1,0,0,0,0,1,1,0,007d,1,1,00,1,07e,58
240,0,1,0,0,1,1,1,1,0100,0,1,00,1,07f,58
241,1,0,0,0,0,1,1,0,0100,1,1,00,1,07f,58
242,0,1,0,0,1,1,1,1,00de,0,1,00,1,080,58
243,1,0,0,0,0,1,1,0,00de,1,1,00,1,080,58
244,0,1,0,0,1,1,1,1,0099,0,1,00,1,081,58
245,1,0,0,0,0,1,1,0,0099,1,1,00,1,081,58
246,0,1,0,0,1,1,1,1,00b1,0,1,00,1,082,58
247,1,0,0,0,0,1,1,0,00b1,1,1,00,1,082,58
248,0,1,0,0,1,1,1,1,0199,0,1,00,1,083,58
249,1,0,0,0,0,1,1,0,0199,1,1,00,1,083,58
250,0,1,0,0,1,1,1,1,03a1,0,1,00,1,084,58
251,1,0,0,0,0,1,1,0,03a1,1,1,00,1,084,58
252,0,1,0,0,1,1,1,1,0279,0,1,00,1,085,58
253,1,0,0,0,0,1,1,0,0279,1,1,00,1,085,58
254,0,1,0,0,1,1,1,1,015a,0,1,00,1,086,58
255,1,0,0,0,0,1,1,0,015a,1,1,00,1,086,58
256,0,1,0,0,1,1,1,1,0001,0,1,00,1,087,58
257,1,0,0,0,0,1,1,0,0001,1,1,00,1,087,58
258,0,1,0,0,1,1,1,1,03ed,0,1,00,1,088,58
259,1,0,0,0,0,1,1,0,03ed,1,1,00,1,088,58
260,0,1,0,0,1,1,1,1,0156,0,1,00,1,089,58
261,1,0,0,0,0,1,1,0,0156,1,1,00,1,089,58
262,0,1,0,0,1,1,1,1,0061,0,1,00,1,08a,58
263,1,0,0,0,0,1,1,0,0061,1,1,00,1,08a,58
264,0,1,0,0,1,1,1,1,03a7,0,1,00,1,08b,58
265,1,0,0,0,0,1,1,0,03a7,1,1,00,1,08b,58
266,0,1,0,0,1,1,1,1,000a,0,1,00,1,08c,58
267,1,0,0,0,0,1,1,0,000a,1,1,00,1,08c,58
268,0,1,0,0,1,1,1,1,034e,0,1,00,1,08d,58
269,1,0,0,0,0,1,1,0,034e,1,1,00,1,08d,58
270,0,1,0,0,1,1,1,1,0007,0,1,00,1,08e,58
271,1,0,0,0,0,1,1,0,0007,1,1,00,1,08e,58
272,0,1,0,0,1,1,1,1,0200,0,1,00,1,08f,58
273,1,0,0,0,0,1,1,0,0200,1,1,00,1,08f,58
274,0,1,0,0,1,1,1,1,00d1,0,1,00,1,090,58
275,1,0,0,0,0,1,1,0,00d1,1,1,00,1,090,58
276,0,1,0,0,1,1,1,1,01e0,0,1,00,1,091,58
277,1,0,0,0,0,1,1,0,01e0,1,1,00,1,091,58
278,0,1,0,0,1,1,1,1,03e5,0,1,00,1,092,58
279,1,0,0,0,0,1,1,0,03e5,1,1,00,1,092,58
280,0,1,0,0,1,1,1,1,0137,0,1,00,1,093,58
281,1,0,0,0,0,1,1,0,0137,1,1,00,1,093,58
282,0,1,0,0,1,1,1,1,0000,0,1,00,1,094,58
283,1,0,0,0,0,1,1,0,0000,1,1,00,1,094,58
284,0,1,0,0,1,1,1,1,0145,0,1,00,1,095,58
285,1,0,0,0,0,1,1,0,0145,1,1,00,1,095,58
286,0,1,0,0,1,1,1,1,03cc,0,1,00,1,096,58
287,1,0,0,0,0,1,1,0,03cc,1,1,00,1,096,58
288,0,1,0,0,1,1,1,1,00b6,0,1,00,1,097,58
289,1,0,0,0,0,1,1,0,00b6,1,1,00,1,097,58
290,0,1,0,0,1,1,1,1,0048,0,1,00,1,098,58
291,1,0,0,0,0,1,1,0,0048,1,1,00,1,098,58
292,0,1,0,0,1,1,1,1,0120,0,1,00,1,099,58
293,1,0,0,0,0,1,1,0,0120,1,1,00,1,099,58
294,0,1,0,0,1,1,1,1,0005,0,1,00,1,09a,58
295,1,0,0,0,0,1,1,0,0005,1,1,00,1,09a,58
296,0,1,0,0,1,1,1,1,0095,0,1,00,1,09b,58
297,1,0,0,0,0,1,1,0,0095,1,1,00,1,09b,58
298,0,1,0,0,1,1,1,1,0384,0,1,00,1,09c,58
299,1,0,0,0,0,1,1,0,0384,1,1,00,1,09c,58
300,0,1,0,0,1,1,1,1,0004,0,1,00,1,09d,58
301,1,0,0,0,0,1,1,0,0004,1,1,00,1,09d,58
302,0,1,0,0,1,1,1,1,03e4,0,1,00,1,09e,58
303,1,0,0,0,0,1,1,0,03e4,1,1,00,1,09e,58
304,0,1,0,0,1,1,1,1,0349,0,1,00,1,09f,58
305,1,0,0,0,0,1,1,0,0349,1,1,00,1,09f,58
306,0,1,0,0,1,1,1,1,03b3,0,1,00,1,0a0,58
307,1,0,0,0,0,1,1,0,03b3,1,1,00,1,0a0,58
308,0,1,0,0,1,1,1,1,03b3,0,1,00,1,0a1,58
309,1,0,0,0,0,1,1,0,03b3,1,1,00,1,0a1,58
310,0,1,0,0,1,1,1,1,03da,0,1,00,1,0a2,58
311,1,0,0,0,0,1,1,0,03da,1,1,00,1,0a2,58
312,0,1,0,0,1,1,1,1,03e5,0,1,00,1,0a3,58
313,1,0,0,0,0,1,1,0,03e5,1,1,00,1,0a3,58
314,0,1,0,0,1,1,1,1,0002,0,1,00,1,0a4,58
315,1,0,0,0,0,1,1,0,0002,1,1,00,1,0a4,58
316,0,1,0,0,1,1,1,1,0003,0,1,00,1,0a5,58
317,1,0,0,0,0,1,1,0,0003,1,1,00,1,0a5,58
318,0,1,0,0,1,1,1,1,03f3,0,1,00,1,0a6,58
319,1,0,0,0,0,1,1,0,03f3,1,1,00,1,0a6,58
320,0,1,0,0,1,1,1,1,0116,0,1,00,1,0a7,58
321,1,0,0,0,0,1,1,0,0116,1,1,00,1,0a7,58
322,0,1,0,0,1,1,1,1,0266,0,1,00,1,0a8,58
323,1,0,0,0,0,1,1,0,0266,1,1,00,1,0a8,58
324,0,1,0,0,1,1,1,1,001a,0,1,00,1,0a9,58
325,1,0,0,0,0,1,1,0,001a,1,1,00,1,0a9,58
326,0,1,0,0,1,1,1,1,0001,0,1,00,1,0aa,58
327,1,0,0,0,0,1,1,0,0001,1,1,00,1,0aa,58
328,0,1,0,0,1,1,1,1,0065,0,1,00,1,0ab,58
329,1,0,0,0,0,1,1,0,0065,1,1,00,1,0ab,58
330,0,1,0,0,1,1,1,1,0168,0,1,00,1,0ac,58
331,1,0,0,0,0,1,1,0,0168,1,1,00,1,0ac,58
332,0,1,0,0,1,1,1,1,03cc,0,1,00,1,0ad,58
333,1,0,0,0,0,1,1,0,03cc,1,1,00,1,0ad,58
334,0,1,0,0,1,1,1,1,0011,0,1,00,1,0ae,58
335,1,0,0,0,0,1,1,0,0011,1,1,00,1,0ae,58
336,0,1,0,0,1,1,1,1,025e,0,1,00,1,0af,58
337,1,0,0,0,0,1,1,0,025e,1,1,00,1,0af,58
338,0,1,0,0,1,1,1,1,001f,0,1,00,1,0b0,58
339,1,0,0,0,0,1,1,0,001f,1,1,00,1,0b0,58
340,0,1,0,0,1,1,1,1,03a8,0,1,00,1,0b1,58
341,1,0,0,0,0,1,1,0,03a8,1,1,00,1,0b1,58
342,0,1,0,0,1,1,1,1,007f,0,1,00,1,0b2,58
343,1,0,0,0,0,1,1,0,007f,1,1,00,1,0b2,58
344,0,1,0,0,1,1,1,1,013a,0,1,00,1,0b3,58
345,1,0,0,0,0,1,1,0,013a,1,1,00,1,0b3,58
346,0,1,0,0,1,1,1,1,0310,0,1,00,1,0b4,58
347,1,0,0,0,0,1,1,0,0310,1,1,00,1,0b4,58
348,0,1,0,0,1,1,1,1,0011,0,1,00,1,0b5,58
349,1,0,0,0,0,1,1,0,0011,1,1,00,1,0b5,58
350,0,1,0,0,1,1,1,1,0003,0,1,00,1,0b6,58
351,1,0,0,0,0,1,1,0,0003,1,1,00,1,0b6,58
352,0,1,0,0,1,1,1,1,008d,0,1,00,1,0b7,58
353,1,0,0,0,0,1,1,0,008d,1,1,00,1,0b7,58
354,0,1,0,0,1,1,1,1,037d,0,1,00,1,0b8,58
355,1,0,0,0,0,1,1,0,037d,1,1,00,1,0b8,58
356,0,1,0,0,1,1,1,1,001b,0,1,00,1,0b9,58
357,1,0,0,0,0,1,1,0,001b,1,1,00,1,0b9,58
358,0,1,0,0,1,1,1,1,0067,0,1,00,1,0ba,58
359,1,0,0,0,0,1,1,0,0067,1,1,00,1,0ba,58
360,0,1,0,0,1,1,1,1,03c2,0,1,00,1,0bb,58
361,1,0,0,0,0,1,1,0,03c2,1,1,00,1,0bb,58
362,0,1,0,0,1,1,1,1,03cb,0,1,00,1,0bc,58
363,1,0,0,0,0,1,1,0,03cb,1,1,00,1,0bc,58
364,0,1,0,0,1,1,1,1,0364,0,1,00,1,0bd,58
365,1,0,0,0,0,1,1,0,0364,1,1,00,1,0bd,58
366,0,1,0,0,1,1,1,1,01bc,0,1,00,1,0be,58
367,1,0,0,0,0,1,1,0,01bc,1,1,00,1,0be,58
368,0,1,0,0,1,1,1,1,0007,0,1,00,1,0bf,58
369,1,0,0,0,0,1,1,0,0007,1,1,00,1,0bf,58
370,0,1,0,0,1,1,1,1,0003,0,1,00,1,0c0,58
371,1,0,0,0,0,1,1,0,0003,1,1,00,1,0c0,58
372,0,1,0,0,1,1,1,1,004b,0,1,00,1,0c1,58
373,1,0,0,0,0,1,1,0,004b,1,1,00,1,0c1,58
374,0,1,0,0,1,1,1,1,03c5,0,1,00,1,0c2,58
375,1,0,0,0,0,1,1,0,03c5,1,1,00,1,0c2,58
376,0,1,0,0,1,1,1,1,00f8,0,1,00,1,0c3,58
377,1,0,0,0,0,1,1,0,00f8,1,1,00,1,0c3,58
378,0,1,0,0,1,1,1,1,000d,0,1,00,1,0c4,58
379,1,0,0,0,0,1,1,0,000d,1,1,00,1,0c4,58
380,0,1,0,0,1,1,1,1,00f5,0,1,00,1,0c5,58
381,1,0,0,0,0,1,1,0,00f5,1,1,00,1,0c5,58
382,0,1,0,0,1,1,1,1,026a,0,1,00,1,0c6,58
383,1,0,0,0,0,1,1,0,026a,1,1,00,1,0c6,58
384,0,1,0,0,1,1,1,1,011c,0,1,00,1,0c7,58
385,1,0,0,0,0,1,1,0,011c,1,1,00,1,0c7,58
386,0,1,0,0,1,1,1,1,02a5,0,1,00,1,0c8,58
387,1,0,0,0,0,1,1,0,02a5,1,1,00,1,0c8,58
388,0,1,0,0,1,1,1,1,0001,0,1,00,1,0c9,58
389,1,0,0,0,0,1,1,0,0001,1,1,00,1,0c9,58
390,0,1,0,0,1,1,1,1,03f0,0,1,00,1,0ca,58
391,1,0,0,0,0,1,1,0,03f0,1,1,00,1,0ca,58
392,0,1,0,0,1,1,1,1,0000,0,1,00,1,0cb,58
393,1,0,0,0,0,1,1,0,0000,1,1,00,1,0cb,58
394,0,1,0,0,1,1,1,1,0000,0,1,00,1,0cc,58
395,1,0,0,0,0,1,1,0,0000,1,1,00,1,0cc,58
396,0,1,0,0,1,1,1,1,0004,0,1,00,1,0cd,58
397,1,0,0,0,0,1,1,0,0004,1,1,00,1,0cd,58
398,0,1,0,0,1,1,1,1,0290,0,1,00,1,0ce,58
399,1,0,0,0,0,1,1,0,0290,1,1,00,1,0ce,58
400,0,1,0,0,1,1,1,1,02be,0,1,00,1,0cf,58
401,1,0,0,0,0,1,1,0,02be,1,1,00,1,0cf,58
402,0,1,0,0,1,1,1,1,000a,0,1,00,1,0d0,58
403,1,0,0,0,0,1,1,0,000a,1,1,00,1,0d0,58
404,0,1,0,0,1,1,1,1,0382,0,1,00,1,0d1,58
405,1,0,0,0,0,1,1,0,0382,1,1,00,1,0d1,58
406,0,1,0,0,1,1,1,1,0003,0,1,00,1,0d2,58
407,1,0,0,0,0,1,1,0,0003,1,1,00,1,0d2,58
408,0,1,0,0,1,1,1,1,03dc,0,1,00,1,0d3,58
409,1,0,0,0,0,1,1,0,03dc,1,1,00,1,0d3,58
410,0,1,0,0,1,1,1,1,01cc,0,1,00,1,0d4,58
411,1,0,0,0,0,1,1,0,01cc,1,1,00,1,0d4,58
412,0,1,0,0,1,1,1,1,01b8,0,1,00,1,0d5,58
413,1,0,0,0,0,1,1,0,01b8,1,1,00,1,0d5,58
414,0,1,0,0,1,1,1,1,03f6,0,1,00,1,0d6,58
415,1,0,0,0,0,1,1,0,03f6,1,1,00,1,0d6,58
416,0,1,0,0,1,1,1,1,0397,0,1,00,1,0d7,58
417,1,0,0,0,0,1,1,0,0397,1,1,00,1,0d7,58
418,0,1,0,0,1,1,1,1,01fc,0,1,00,1,0d8,58
419,1,0,0,0,0,1,1,0,01fc,1,1,00,1,0d8,58
420,0,1,0,0,1,1,1,1,03de,0,1,00,1,0d9,58
421,1,0,0,0,0,1,1,0,03de,1,1,00,1,0d9,58
422,0,1,0,0,1,1,1,1,03b7,0,1,00,1,0da,58
423,1,0,0,0,0,1,1,0,03b7,1,1,00,1,0da,58
424,0,1,0,0,1,1,1,1,0002,0,1,00,1,0db,58
425,1,0,0,0,0,1,1,0,0002,1,1,00,1,0db,58
426,0,1,0,0,1,1,1,1,0012,0,1,00,1,0dc,58
427,1,0,0,0,0,1,1,0,0012,1,1,00,1,0dc,58
428,0,1,0,0,1,1,1,1,028c,0,1,00,1,0dd,58
429,1,0,0,0,0,1,1,0,028c,1,1,00,1,0dd,58
430,0,1,0,0,1,1,1,1,0203,0,1,00,1,0de,58
431,1,0,0,0,0,1,1,0,0203,1,1,00,1,0de,58
432,0,1,0,0,1,1,1,1,03e1,0,1,00,1,0df,58
433,1,0,0,0,0,1,1,0,03e1,1,1,00,1,0df,58
434,0,1,0,0,1,1,1,1,0088,0,1,00,1,0e0,58
435,1,0,0,0,0,1,1,0,0088,1,1,00,1,0e0,58
436,0,1,0,0,1,1,1,1,03ee,0,1,00,1,0e1,58
437,1,0,0,0,0,1,1,0,03ee,1,1,00,1,0e1,58
438,0,1,0,0,1,1,1,1,0002,0,1,00,1,0e2,58
439,1,0,0,0,0,1,1,0,0002,1,1,00,1,0e2,58
440,0,1,0,0,1,1,1,1,03e2,0,1,00,1,0e3,58
441,1,0,0,0,0,1,1,0,03e2,1,1,00,1,0e3,58
442,0,1,0,0,1,1,1,1,0001,0,1,00,1,0e4,58
443,1,0,0,0,0,1,1,0,0001,1,1,00,1,0e4,58
444,0,1,0,0,1,1,1,1,0313,0,1,00,1,0e5,58
445,1,0,0,0,0,1,1,0,0313,1,1,00,1,0e5,58
446,0,1,0,0,1,1,1,1,0099,0,1,00,1,0e6,58
447,1,0,0,0,0,1,1,0,0099,1,1,00,1,0e6,58
448,0,1,0,0,1,1,1,1,0375,0,1,00,1,0e7,58
449,1,0,0,0,0,1,1,0,0375,1,1,00,1,0e7,58
450,0,1,0,0,1,1,1,1,00d9,0,1,00,1,0e8,58
451,1,0,0,0,0,1,1,0,00d9,1,1,00,1,0e8,58
452,0,1,0,0,1,1,1,1,0213,0,1,00,1,0e9,58
453,1,0,0,0,0,1,1,0,0213,1,1,00,1,0e9,58
454,0,1,0,0,1,1,1,1,0103,0,1,00,1,0ea,58
455,1,0,0,0,0,1,1,0,0103,1,1,00,1,0ea,58
456,0,1,0,0,1,1,1,1,018d,0,1,00,1,0eb,58
457,1,0,0,0,0,1,1,0,018d,1,1,00,1,0eb,58
458,0,1,0,0,1,1,1,1,0063,0,1,00,1,0ec,58
459,1,0,0,0,0,1,1,0,0063,1,1,00,1,0ec,58
460,0,1,0,0,1,1,1,1,0001,0,1,00,1,0ed,58
461,1,0,0,0,0,1,1,0,0001,1,1,00,1,0ed,58
462,0,1,0,0,1,1,1,1,0009,0,1,00,1,0ee,58
463,1,0,0,0,0,1,1,0,0009,1,1,00,1,0ee,58
464,0,1,0,0,1,1,1,1,0387,0,1,00,1,0ef,58
465,1,0,0,0,0,1,1,0,0387,1,1,00,1,0ef,58
466,0,1,0,0,1,1,1,1,03dd,0,1,00,1,0f0,58
467,1,0,0,0,0,1,1,0,03dd,1,1,00,1,0f0,58
468,0,1,0,0,1,1,1,1,020b,0,1,00,1,0f1,58
469,1,0,0,0,0,1,1,0,020b,1,1,00,1,0f1,58
470,0,1,0,0,1,1,1,1,0326,0,1,00,1,0f2,58
471,1,0,0,0,0,1,1,0,0326,1,1,00,1,0f2,58
472,0,1,0,0,1,1,1,1,0199,0,1,00,1,0f3,58
473,1,0,0,0,0,1,1,0,0199,1,1,00,1,0f3,58
474,0,1,0,0,1,1,1,1,03d1,0,1,00,1,0f4,58
475,1,0,0,0,0,1,1,0,03d1,1,1,00,1,0f4,58
476,0,1,0,0,1,1,1,1,0130,0,1,00,1,0f5,58
477,1,0,0,0,0,1,1,0,0130,1,1,00,1,0f5,58
478,0,1,0,0,1,1,1,1,0120,0,1,00,1,0f6,58
479,1,0,0,0,0,1,1,0,0120,1,1,00,1,0f6,58
480,0,1,0,0,1,1,1,1,00d1,0,1,00,1,0f7,58
481,1,0,0,0,0,1,1,0,00d1,1,1,00,1,0f7,58
482,0,1,0,0,1,1,1,1,0288,0,1,00,1,0f8,58
483,1,0,0,0,0,1,1,0,0288,1,1,00,1,0f8,58
484,0,1,0,0,1,1,1,1,0001,0,1,00,1,0f9,58
485,1,0,0,0,0,1,1,0,0001,1,1,00,1,0f9,58
486,0,1,0,0,1,1,1,1,0156,0,1,00,1,0fa,58
487,1,0,0,0,0,1,1,0,0156,1,1,00,1,0fa,58
488,0,1,0,0,1,1,1,1,0000,0,1,00,1,0fb,58
489,1,0,0,0,0,1,1,0,0000,1,1,00,1,0fb,58
490,0,1,0,0,1,1,1,1,0047,0,1,00,1,0fc,58
491,1,0,0,0,0,1,1,0,0047,1,1,00,1,0fc,58
492,0,1,0,0,1,1,1,1,0360,0,1,00,1,0fd,58
493,1,0,0,0,0,1,1,0,0360,1,1,00,1,0fd,58
494,0,1,0,0,1,1,1,1,0326,0,1,00,1,0fe,58
495,1,0,0,0,0,1,1,0,0326,1,1,00,1,0fe,58
496,0,1,0,0,1,1,1,1,026a,0,1,00,1,0ff,58
497,1,0,0,0,0,1,1,0,026a,1,1,00,1,0ff,58
498,0,1,0,0,1,1,1,1,0002,0,1,00,1,100,58
499,1,0,0,0,0,1,1,0,0002,1,1,00,1,100,58
500,0,1,0,0,1,1,1,1,03e6,0,1,00,1,101,58
501,1,0,0,0,0,1,1,0,03e6,1,1,00,1,101,58
502,0,1,0,0,1,1,1,1,03c7,0,1,00,1,102,58
503,1,0,0,0,0,1,1,0,03c7,1,1,00,1,102,58
504,0,1,0,0,1,1,1,1,0000,0,1,00,1,103,58
505,1,0,0,0,0,1,1,0,0000,1,1,00,1,103,58
506,0,1,0,0,1,1,1,1,03dc,0,1,00,1,104,58
507,1,0,0,0,0,1,1,0,03dc,1,1,00,1,104,58
508,0,1,0,0,1,1,1,1,0001,0,1,00,1,105,58
509,1,0,0,0,0,1,1,0,0001,1,1,00,1,105,58
510,0,1,0,0,1,1,1,1,0002,0,1,00,1,106,58
511,1,0,0,0,0,1,1,0,0002,1,1,00,1,106,58
512,0,1,0,0,1,1,1,1,02a2,0,1,00,1,107,58
513,1,0,0,0,0,1,1,0,02a2,1,1,00,1,107,58
514,0,1,0,0,1,1,1,1,0350,0,1,00,1,108,58
515,1,0,0,0,0,1,1,0,0350,1,1,00,1,108,58
516,0,1,0,0,1,1,1,1,036c,0,1,00,1,109,58
517,1,0,0,0,0,1,1,0,036c,1,1,00,1,109,58
518,0,1,0,0,1,1,1,1,0011,0,1,00,1,10a,58
519,1,0,0,0,0,1,1,0,0011,1,1,00,1,10a,58
520,0,1,0,0,1,1,1,1,01ec,0,1,00,1,10b,58
521,1,0,0,0,0,1,1,0,01ec,1,1,00,1,10b,58
522,0,1,0,0,1,1,1,1,0000,0,1,00,1,10c,58
523,1,0,0,0,0,1,1,0,0000,1,1,00,1,10c,58
524,0,1,0,0,1,1,1,1,03ae,0,1,00,1,10d,58
525,1,0,0,0,0,1,1,0,03ae,1,1,00,1,10d,58
526,0,1,0,0,1,1,1,1,03b9,0,1,00,1,10e,58
527,1,0,0,0,0,1,1,0,03b9,1,1,00,1,10e,58
528,0,1,0,0,1,1,1,1,0133,0,1,00,1,10f,58
529,1,0,0,0,0,1,1,0,0133,1,1,00,1,10f,58
530,0,1,0,0,1,1,1,1,0000,0,1,00,1,110,58
531,1,0,0,0,0,1,1,0,0000,1,1,00,1,110,58
532,0,1,0,0,1,1,1,1,01bc,0,1,00,1,111,58
533,1,0,0,0,0,1,1,0,01bc,1,1,00,1,111,58
534,0,1,0,0,1,1,1,1,0035,0,1,00,1,112,58
535,1,0,0,0,0,1,1,0,0035,1,1,00,1,112,58
536,0,1,0,0,1,1,1,1,03e9,0,1,00,1,113,58
537,1,0,0,0,0,1,1,0,03e9,1,1,00,1,113,58
538,0,1,0,0,1,1,1,1,03d1,0,1,00,1,114,58
539,1,0,0,0,0,1,1,0,03d1,1,1,00,1,114,58
540,0,1,0,0,1,1,1,1,038f,0,1,00,1,115,58
541,1,0,0,0,0,1,1,0,038f,1,1,00,1,115,58
542,0,1,0,0,1,1,1,1,0148,0,1,00,1,116,58
543,1,0,0,0,0,1,1,0,0148,1,1,00,1,116,58
544,0,1,0,0,1,1,1,1,03e8,0,1,00,1,117,58
545,1,0,0,0,0,1,1,0,03e8,1,1,00,1,117,58
546,0,1,0,0,1,1,1,1,0103,0,1,00,1,118,58
547,1,0,0,0,0,1,1,0,0103,1,1,00,1,118,58
548,0,1,0,0,1,1,1,1,00d3,0,1,00,1,119,58
549,1,0,0,0,0,1,1,0,00d3,1,1,00,1,119,58
550,0,1,0,0,1,1,1,1,0003,0,1,00,1,11a,58
551,1,0,0,0,0,1,1,0,0003,1,1,00,1,11a,58
552,0,1,0,0,1,1,1,1,0029,0,1,00,1,11b,58
553,1,0,0,0,0,1,1,0,0029,1,1,00,1,11b,58
554,0,1,0,0,1,1,1,1,00bd,0,1,00,1,11c,58
555,1,0,0,0,0,1,1,0,00bd,1,1,00,1,11c,58
556,0,1,0,0,1,1,1,1,03bf,0,1,00,1,11d,58
557,1,0,0,0,0,1,1,0,03bf,1,1,00,1,11d,58
558,0,1,0,0,1,1,1,1,0093,0,1,00,1,11e,58
559,1,0,0,0,0,1,1,0,0093,1,1,00,1,11e,58
560,0,1,0,0,1,1,1,1,03a1,0,1,00,1,11f,58
561,1,0,0,0,0,1,1,0,03a1,1,1,00,1,11f,58
562,0,1,0,0,1,1,1,1,01c8,0,1,00,1,120,58
563,1,0,0,0,0,1,1,0,01c8,1,1,00,1,120,58
564,0,1,0,0,1,1,1,1,0366,0,1,00,1,121,58
565,1,0,0,0,0,1,1,0,0366,1,1,00,1,121,58
566,0,1,0,0,1,1,1,1,01e8,0,1,00,1,122,58
567,1,0,0,0,0,1,1,0,01e8,1,1,00,1,122,58
568,0,1,0,0,1,1,1,1,03f1,0,1,00,1,123,58
569,1,0,0,0,0,1,1,0,03f1,1,1,00,1,123,58
570,0,1,0,0,1,1,1,1,03e7,0,1,00,1,124,58
571,1,0,0,0,0,1,1,0,03e7,1,1,00,1,124,58
572,0,1,0,0,1,1,1,1,0385,0,1,00,1,125,58
573,1,0,0,0,0,1,1,0,0385,1,1,00,1,125,58
574,0,1,0,0,1,1,1,1,0368,0,1,00,1,126,58
575,1,0,0,0,0,1,1,0,0368,1,1,00,1,126,58
576,0,1,0,0,1,1,1,1,0003,0,1,00,1,127,58
577,1,0,0,0,0,1,1,0,0003,1,1,00,1,127,58
578,0,1,0,0,1,1,1,1,0130,0,1,00,1,128,58
579,1,0,0,0,0,1,1,0,0130,1,1,00,1,128,58
580,0,1,0,0,1,1,1,1,000b,0,1,00,1,129,58
581,1,0,0,0,0,1,1,0,000b,1,1,00,1,129,58
582,0,1,0,0,1,1,1,1,01c4,0,1,00,1,12a,58
583,1,0,0,0,0,1,1,0,01c4,1,1,00,1,12a,58
584,0,1,0,0,1,1,1,1,007b,0,1,00,1,12b,58
585,1,0,0,0,0,1,1,0,007b,1,1,00,1,12b,58
586,0,1,0,0,1,1,1,1,03e0,0,1,00,1,12c,58
587,1,0,0,0,0,1,1,0,03e0,1,1,00,1,12c,58
588,0,1,0,0,1,1,1,1,015a,0,1,00,1,12d,58
589,1,0,0,0,0,1,1,0,015a,1,1,00,1,12d,58
590,0,1,0,0,1,1,1,1,0106,0,1,00,1,12e,58
591,1,0,0,0,0,1,1,0,0106,1,1,00,1,12e,58
592,0,1,0,0,1,1,1,1,003a,0,1,00,1,12f,58
593,1,0,0,0,0,1,1,0,003a,1,1,00,1,12f,58
594,0,1,0,0,1,1,1,1,0145,0,1,00,1,130,58
595,1,0,0,0,0,1,1,0,0145,1,1,00,1,130,58
596,0,1,0,0,1,1,1,1,0011,0,1,00,1,131,58
597,1,0,0,0,0,1,1,0,0011,1,1,00,1,131,58
598,0,1,0,0,1,1,1,1,03a3,0,1,00,1,132,58
599,1,0,0,0,0,1,1,0,03a3,1,1,00,1,132,58
600,0,1,0,0,1,1,1,1,0003,0,1,00,1,133,58
601,1,0,0,0,0,1,1,0,0003,1,1,00,1,133,58
602,0,1,0,0,1,1,1,1,039a,0,1,00,1,134,58
603,1,0,0,0,0,1,1,0,039a,1,1,00,1,134,58
604,0,1,0,0,1,1,1,1,0321,0,1,00,1,135,58
605,1,0,0,0,0,1,1,0,0321,1,1,00,1,135,58
606,0,1,0,0,1,1,1,1,0353,0,1,00,1,136,58
607,1,0,0,0,0,1,1,0,0353,1,1,00,1,136,58
608,0,1,0,0,1,1,1,1,00cc,0,1,00,1,137,58
609,1,0,0,0,0,1,1,0,00cc,1,1,00,1,137,58
610,0,1,0,0,1,1,1,1,0382,0,1,00,1,138,58
611,1,0,0,0,0,1,1,0,0382,1,1,00,1,138,58
612,0,1,0,0,1,1,1,1,03e8,0,1,00,1,139,58
613,1,0,0,0,0,1,1,0,03e8,1,1,00,1,139,58
614,0,1,0,0,1,1,1,1,0001,0,1,00,1,13a,58
615,1,0,0,0,0,1,1,0,0001,1,1,00,1,13a,58
616,0,1,0,0,1,1,1,1,017e,0,1,00,1,13b,58
617,1,0,0,0,0,1,1,0,017e,1,1,00,1,13b,58
618,0,1,0,0,1,1,1,1,0000,0,1,00,1,13c,58
619,1,0,0,0,0,1,1,0,0000,1,1,00,1,13c,58
620,0,1,0,0,1,1,1,1,0003,0,1,00,1,13d,58
621,1,0,0,0,0,1,1,0,0003,1,1,00,1,13d,58
622,0,1,0,0,1,1,1,1,0379,0,1,00,1,13e,58
623,1,0,0,0,0,1,1,0,0379,1,1,00,1,13e,58
624,0,1,0,0,1,1,1,1,0387,0,1,00,1,13f,58
625,1,0,0,0,0,1,1,0,0387,1,1,00,1,13f,58
626,0,1,0,0,1,1,1,1,03d6,0,1,00,1,140,58
627,1,0,0,0,0,1,1,0,03d6,1,1,00,1,140,58
628,0,1,0,0,1,1,1,1,03b2,0,1,00,1,141,58
629,1,0,0,0,0,1,1,0,03b2,1,1,00,1,141,58
630,0,1,0,0,1,1,1,1,03d0,0,1,00,1,142,58
631,1,0,0,0,0,1,1,0,03d0,1,1,00,1,142,58
632,0,1,0,0,1,1,1,1,00bd,0,1,00,1,143,58
633,1,0,0,0,0,1,1,0,00bd,1,1,00,1,143,58
634,0,1,0,0,1,1,1,1,02c8,0,1,00,1,144,58
635,1,0,0,0,0,1,1,0,02c8,1,1,00,1,144,58
636,0,1,0,0,1,1,1,1,03ef,0,1,00,1,145,58
637,1,0,0,0,0,1,1,0,03ef,1,1,00,1,145,58
638,0,1,0,0,1,1,1,1,03e4,0,1,00,1,146,58
639,1,0,0,0,0,1,1,0,03e4,1,1,00,1,146,58
640,0,1,0,0,1,1,1,1,010a,0,1,00,1,147,58
641,1,0,0,0,0,1,1,0,010a,1,1,00,1,147,58
642,0,1,0,0,1,1,1,1,00b6,0,1,00,1,148,58
643,1,0,0,0,0,1,1,0,00b6,1,1,00,1,148,58
644,0,1,0,0,1,1,1,1,0007,0,1,00,1,149,58
645,1,0,0,0,0,1,1,0,0007,1,1,00,1,149,58
646,0,1,0,0,1,1,1,1,03aa,0,1,00,1,14a,58
647,1,0,0,0,0,1,1,0,03aa,1,1,00,1,14a,58
648,0,1,0,0,1,1,1,1,0001,0,1,00,1,14b,58
649,1,0,0,0,0,1,1,0,0001,1,1,00,1,14b,58
650,0,1,0,0,1,1,1,1,0053,0,1,00,1,14c,58
651,1,0,0,0,0,1,1,0,0053,1,1,00,1,14c,58
652,0,1,0,0,1,1,1,1,02fc,0,1,00,1,14d,58
653,1,0,0,0,0,1,1,0,02fc,1,1,00,1,14d,58
654,0,1,0,0,1,1,1,1,03e3,0,1,00,1,14e,58
655,1,0,0,0,0,1,1,0,03e3,1,1,00,1,14e,58
656,0,1,0,0,1,1,1,1,0063,0,1,00,1,14f,58
657,1,0,0,0,0,1,1,0,0063,1,1,00,1,14f,58
658,0,1,0,0,1,1,1,1,02ff,0,1,00,1,150,58
659,1,0,0,0,0,1,1,0,02ff,1,1,00,1,150,58
660,0,1,0,0,1,1,1,1,009f,0,1,00,1,151,58
661,1,0,0,0,0,1,1,0,009f,1,1,00,1,151,58
662,0,1,0,0,1,1,1,1,0080,0,1,00,1,152,58
663,1,0,0,0,0,1,1,0,0080,1,1,00,1,152,58
664,0,1,0,0,1,1,1,1,0375,0,1,00,1,153,58
665,1,0,0,0,0,1,1,0,0375,1,1,00,1,153,58
666,0,1,0,0,1,1,1,1,01a4,0,1,00,1,154,58
667,1,0,0,0,0,1,1,0,01a4,1,1,00,1,154,58
668,0,1,0,0,1,1,1,1,0395,0,1,00,1,155,58
669,1,0,0,0,0,1,1,0,0395,1,1,00,1,155,58
670,0,1,0,0,1,1,1,1,0004,0,1,00,1,156,58
671,1,0,0,0,0,1,1,0,0004,1,1,00,1,156,58
672,0,1,0,0,1,1,1,1,03f6,0,1,00,1,157,58
673,1,0,0,0,0,1,1,0,03f6,1,1,00,1,157,58
674,0,1,0,0,1,1,1,1,0213,0,1,00,1,158,58
675,1,0,0,0,0,1,1,0,0213,1,1,00,1,158,58
676,0,1,0,0,1,1,1,1,0375,0,1,00,1,159,58
677,1,0,0,0,0,1,1,0,0375,1,1,00,1,159,58
678,0,1,0,0,1,1,1,1,03e6,0,1,00,1,15a,58
679,1,0,0,0,0,1,1,0,03e6,1,1,00,1,15a,58
680,0,1,0,0,1,1,1,1,0000,0,1,00,1,15b,58
681,1,0,0,0,0,1,1,0,0000,1,1,00,1,15b,58
682,0,1,0,0,1,1,1,1,03a8,0,1,00,1,15c,58
683,1,0,0,0,0,1,1,0,03a8,1,1,00,1,15c,58
684,0,1,0,0,1,1,1,1,0052,0,1,00,1,15d,58
685,1,0,0,0,0,1,1,0,0052,1,1,00,1,15d,58
686,0,1,0,0,1,1,1,1,032e,0,1,00,1,15e,58
687,1,0,0,0,0,1,1,0,032e,1,1,00,1,15e,58
688,0,1,0,0,1,1,1,1,0397,0,1,00,1,15f,58
689,1,0,0,0,0,1,1,0,0397,1,1,00,1,15f,58
690,0,1,0,0,1,1,1,1,019d,0,1,00,1,160,58
691,1,0,0,0,0,1,1,0,019d,1,1,00,1,160,58
692,0,1,0,0,1,1,1,1,02cc,0,1,00,1,161,58
693,1,0,0,0,0,1,1,0,02cc,1,1,00,1,161,58
694,0,1,0,0,1,1,1,1,03b5,0,1,00,1,162,58
695,1,0,0,0,0,1,1,0,03b5,1,1,00,1,162,58
696,0,1,0,0,1,1,1,1,03dc,0,1,00,1,163,58
697,1,0,0,0,0,1,1,0,03dc,1,1,00,1,163,58
698,0,1,0,0,1,1,1,1,03f0,0,1,00,1,164,58
699,1,0,0,0,0,1,1,0,03f0,1,1,00,1,164,58
700,0,1,0,0,1,1,1,1,0359,0,1,00,1,165,58
701,1,0,0,0,0,1,1,0,0359,1,1,00,1,165,58
702,0,1,0,0,1,1,1,1,0001,0,1,00,1,166,58
703,1,0,0,0,0,1,1,0,0001,1,1,00,1,166,58
704,0,1,0,0,1,1,1,1,0161,0,1,00,1,167,58
705,1,0,0,0,0,1,1,0,0161,1,1,00,1,167,58
706,0,1,0,0,1,1,1,1,0123,0,1,00,1,168,58
707,1,0,0,0,0,1,1,0,0123,1,1,00,1,168,58
708,0,1,0,0,1,1,1,1,03f2,0,1,00,1,169,58
709,1,0,0,0,0,1,1,0,03f2,1,1,00,1,169,58
710,0,1,0,0,1,1,1,1,0279,0,1,00,1,16a,58
711,1,0,0,0,0,1,1,0,0279,1,1,00,1,16a,58
712,0,1,0,0,1,1,1,1,0161,0,1,00,1,16b,58
713,1,0,0,0,0,1,1,0,0161,1,1,00,1,16b,58
714,0,1,0,0,1,1,1,1,00d9,0,1,00,1,16c,58
715,1,0,0,0,0,1,1,0,00d9,1,1,00,1,16c,58
716,0,1,0,0,1,1,1,1,021b,0,1,00,1,16d,58
717,1,0,0,0,0,1,1,0,021b,1,1,00,1,16d,58
718,0,1,0,0,1,1,1,1,0001,0,1,00,1,16e,58
719,1,0,0,0,0,1,1,0,0001,1,1,00,1,16e,58
720,0,1,0,0,1,1,1,1,000a,0,1,00,1,16f,58
721,1,0,0,0,0,1,1,0,000a,1,1,00,1,16f,58
722,0,1,0,0,1,1,1,1,0177,0,1,00,1,170,58
723,1,0,0,0,0,1,1,0,0177,1,1,00,1,170,58
724,0,1,0,0,1,1,1,1,002b,0,1,00,1,171,58
725,1,0,0,0,0,1,1,0,002b,1,1,00,1,171,58
726,0,1,0,0,1,1,1,1,03b7,0,1,00,1,172,58
727,1,0,0,0,0,1,1,0,03b7,1,1,00,1,172,58
728,0,1,0,0,1,1,1,1,0397,0,1,00,1,173,58
729,1,0,0,0,0,1,1,0,0397,1,1,00,1,173,58
730,0,1,0,0,1,1,1,1,0126,0,1,00,1,174,58
731,1,0,0,0,0,1,1,0,0126,1,1,00,1,174,58
732,0,1,0,0,1,1,1,1,023f,0,1,00,1,175,58
733,1,0,0,0,0,1,1,0,023f,1,1,00,1,175,58
734,0,1,0,0,1,1,1,1,010d,0,1,00,1,176,58
735,1,0,0,0,0,1,1,0,010d,1,1,00,1,176,58
736,0,1,0,0,1,1,1,1,001a,0,1,00,1,177,58
737,1,0,0,0,0,1,1,0,001a,1,1,00,1,177,58
738,0,1,0,0,1,1,1,1,0374,0,1,00,1,178,58
739,1,0,0,0,0,1,1,0,0374,1,1,00,1,178,58
740,0,1,0,0,1,1,1,1,03b1,0,1,00,1,179,58
741,1,0,0,0,0,1,1,0,03b1,1,1,00,1,179,58
742,0,1,0,0,1,1,1,1,00d1,0,1,00,1,17a,58
743,1,0,0,0,0,1,1,0,00d1,1,1,00,1,17a,58
744,0,1,0,0,1,1,1,1,017b,0,1,00,1,17b,58
745,1,0,0,0,0,1,1,0,017b,1,1,00,1,17b,58
746,0,1,0,0,1,1,1,1,0006,0,1,00,1,17c,58
747,1,0,0,0,0,1,1,0,0006,1,1,00,1,17c,58
748,0,1,0,0,1,1,1,1,00f8,0,1,00,1,17d,58
749,1,0,0,0,0,1,1,0,00f8,1,1,00,1,17d,58
750,0,1,0,0,1,1,1,1,0233,0,1,00,1,17e,58
751,1,0,0,0,0,1,1,0,0233,1,1,00,1,17e,58
752,0,1,0,0,1,1,1,1,03f5,0,1,00,1,17f,58
753,1,0,0,0,0,1,1,0,03f5,1,1,00,1,17f,58
754,0,1,0,0,1,1,1,1,02cc,0,1,00,1,180,58
755,1,0,0,0,0,1,1,0,02cc,1,1,00,1,180,58
756,0,1,0,0,1,1,1,1,03d7,0,1,00,1,181,58
757,1,0,0,0,0,1,1,0,03d7,1,1,00,1,181,58
758,0,1,0,0,1,1,1,1,0021,0,1,00,1,182,58
759,1,0,0,0,0,1,1,0,0021,1,1,00,1,182,58
760,0,1,0,0,1,1,1,1,0395,0,1,00,1,183,58
761,1,0,0,0,0,1,1,0,0395,1,1,00,1,183,58
762,0,1,0,0,1,1,1,1,008f,0,1,00,1,184,58
763,1,0,0,0,0,1,1,0,008f,1,1,00,1,184,58
764,0,1,0,0,1,1,1,1,0084,0,1,00,1,185,58
765,1,0,0,0,0,1,1,0,0084,1,1,00,1,185,58
766,0,1,0,0,1,1,1,1,0011,0,1,00,1,186,58
767,1,0,0,0,0,1,1,0,0011,1,1,00,1,186,58
768,0,1,0,0,1,1,1,1,03db,0,1,00,1,187,58
769,1,0,0,0,0,1,1,0,03db,1,1,00,1,187,58
770,0,1,0,0,1,1,1,1,0016,0,1,00,1,188,58
771,1,0,0,0,0,1,1,0,0016,1,1,00,1,188,58
772,0,1,0,0,1,1,1,1,0032,0,1,00,1,189,58
773,1,0,0,0,0,1,1,0,0032,1,1,00,1,189,58
774,0,1,0,0,1,1,1,1,0047,0,1,00,1,18a,58
775,1,0,0,0,0,1,1,0,0047,1,1,00,1,18a,58
776,0,1,0,0,1,1,1,1,03b6,0,1,00,1,18b,58
777,1,0,0,0,0,1,1,0,03b6,1,1,00,1,18b,58
778,0,1,0,0,1,1,1,1,03c7,0,1,00,1,18c,58
779,1,0,0,0,0,1,1,0,03c7,1,1,00,1,18c,58
780,0,1,0,0,1,1,1,1,0003,0,1,00,1,18d,58
781,1,0,0,0,0,1,1,0,0003,1,1,00,1,18d,58
782,0,1,0,0,1,1,1,1,0005,0,1,00,1,18e,58
783,1,0,0,0,0,1,1,0,0005,1,1,00,1,18e,58
784,0,1,0,0,1,1,1,1,03e2,0,1,00,1,18f,58
785,1,0,0,0,0,1,1,0,03e2,1,1,00,1,18f,58
786,0,1,0,0,1,1,1,1,018d,0,1,00,1,190,58
787,1,0,0,0,0,1,1,0,018d,1,1,00,1,190,58
788,0,1,0,0,1,1,1,1,0095,0,1,00,1,191,58
789,1,0,0,0,0,1,1,0,0095,1,1,00,1,191,58
790,0,1,0,0,1,1,1,1,0000,0,1,00,1,192,58
791,1,0,0,0,0,1,1,0,0000,1,1,00,1,192,58
792,0,1,0,0,1,1,1,1,01f8,0,1,00,1,193,58
793,1,0,0,0,0,1,1,0,01f8,1,1,00,1,193,58
794,0,1,0,0,1,1,1,1,001e,0,1,00,1,194,58
795,1,0,0,0,0,1,1,0,001e,1,1,00,1,194,58
796,0,1,0,0,1,1,1,1,0397,0,1,00,1,195,58
797,1,0,0,0,0,1,1,0,0397,1,1,00,1,195,58
798,0,1,0,0,1,1,1,1,03f6,0,1,00,1,196,58
799,1,0,0,0,0,1,1,0,03f6,1,1,00,1,196,58
800,0,1,0,0,1,1,1,1,026e,0,1,00,1,197,58
801,1,0,0,0,0,1,1,0,026e,1,1,00,1,197,58
802,0,1,0,0,1,1,1,1,0223,0,1,00,1,198,58
803,1,0,0,0,0,1,1,0,0223,1,1,00,1,198,58
804,0,1,0,0,1,1,1,1,03ef,0,1,00,1,199,58
805,1,0,0,0,0,1,1,0,03ef,1,1,00,1,199,58
806,0,1,0,0,1,1,1,1,0037,0,1,00,1,19a,58
807,1,0,0,0,0,1,1,0,0037,1,1,00,1,19a,58
808,0,1,0,0,1,1,1,1,024b,0,1,00,1,19b,58
809,1,0,0,0,0,1,1,0,024b,1,1,00,1,19b,58
810,0,1,0,0,1,1,1,1,0148,0,1,00,1,19c,58
811,1,0,0,0,0,1,1,0,0148,1,1,00,1,19c,58
812,0,1,0,0,1,1,1,1,03bf,0,1,00,1,19d,58
813,1,0,0,0,0,1,1,0,03bf,1,1,00,1,19d,58
814,0,1,0,0,1,1,1,1,0370,0,1,00,1,19e,58
815,1,0,0,0,0,1,1,0,0370,1,1,00,1,19e,58
816,0,1,0,0,1,1,1,1,0065,0,1,00,1,19f,58
817,1,0,0,0,0,1,1,0,0065,1,1,00,1,19f,58
818,0,1,0,0,1,1,1,1,01b4,0,1,00,1,1a0,58
819,1,0,0,0,0,1,1,0,01b4,1,1,00,1,1a0,58
820,0,1,0,0,1,1,1,1,01b4,0,1,00,1,1a1,58
821,1,0,0,0,0,1,1,0,01b4,1,1,00,1,1a1,58
822,0,1,0,0,1,1,1,1,0141,0,1,00,1,1a2,58
823,1,0,0,0,0,1,1,0,0141,1,1,00,1,1a2,58
824,0,1,0,0,1,1,1,1,001f,0,1,00,1,1a3,58
825,1,0,0,0,0,1,1,0,001f,1,1,00,1,1a3,58
826,0,1,0,0,1,1,1,1,026e,0,1,00,1,1a4,58
827,1,0,0,0,0,1,1,0,026e,1,1,00,1,1a4,58
828,0,1,0,0,1,1,1,1,03c9,0,1,00,1,1a5,58
829,1,0,0,0,0,1,1,0,03c9,1,1,00,1,1a5,58
830,0,1,0,0,1,1,1,1,0000,0,1,00,1,1a6,58
831,1,0,0,0,0,1,1,0,0000,1,1,00,1,1a6,58
832,0,1,0,0,1,1,1,1,03d2,0,1,00,1,1a7,58
833,1,0,0,0,0,1,1,0,03d2,1,1,00,1,1a7,58
834,0,1,0,0,1,1,1,1,03cb,0,1,00,1,1a8,58
835,1,0,0,0,0,1,1,0,03cb,1,1,00,1,1a8,58
836,0,1,0,0,1,1,1,1,015a,0,1,00,1,1a9,58
837,1,0,0,0,0,1,1,0,015a,1,1,00,1,1a9,58
838,0,1,0,0,1,1,1,1,0011,0,1,00,1,1aa,58
839,1,0,0,0,0,1,1,0,0011,1,1,00,1,1aa,58
840,0,1,0,0,1,1,1,1,011c,0,1,00,1,1ab,58
841,1,0,0,0,0,1,1,0,011c,1,1,00,1,1ab,58
842,0,1,0,0,1,1,1,1,0156,0,1,00,1,1ac,58
843,1,0,0,0,0,1,1,0,0156,1,1,00,1,1ac,58
844,0,1,0,0,1,1,1,1,022b,0,1,00,1,1ad,58
845,1,0,0,0,0,1,1,0,022b,1,1,00,1,1ad,58
846,0,1,0,0,1,1,1,1,0078,0,1,00,1,1ae,58
847,1,0,0,0,0,1,1,0,0078,1,1,00,1,1ae,58
848,0,1,0,0,1,1,1,1,0217,0,1,00,1,1af,58
849,1,0,0,0,0,1,1,0,0217,1,1,00,1,1af,58
850,0,1,0,0,1,1,1,1,00a8,0,1,00,1,1b0,58
851,1,0,0,0,0,1,1,0,00a8,1,1,00,1,1b0,58
852,0,1,0,0,1,1,1,1,03a6,0,1,00,1,1b1,58
853,1,0,0,0,0,1,1,0,03a6,1,1,00,1,1b1,58
854,0,1,0,0,1,1,1,1,01c4,0,1,00,1,1b2,58
855,1,0,0,0,0,1,1,0,01c4,1,1,00,1,1b2,58
856,0,1,0,0,1,1,1,1,01e0,0,1,00,1,1b3,58
857,1,0,0,0,0,1,1,0,01e0,1,1,00,1,1b3,58
858,0,1,0,0,1,1,1,1,03da,0,1,00,1,1b4,58
859,1,0,0,0,0,1,1,0,03da,1,1,00,1,1b4,58
860,0,1,0,0,1,1,1,1,0168,0,1,00,1,1b5,58
861,1,0,0,0,0,1,1,0,0168,1,1,00,1,1b5,58
862,0,1,0,0,1,1,1,1,03ae,0,1,00,1,1b6,58
863,1,0,0,0,0,1,1,0,03ae,1,1,00,1,1b6,58
864,0,1,0,0,1,1,1,1,0316,0,1,00,1,1b7,58
865,1,0,0,0,0,1,1,0,0316,1,1,00,1,1b7,58
866,0,1,0,0,1,1,1,1,022b,0,1,00,1,1b8,58
867,1,0,0,0,0,1,1,0,022b,1,1,00,1,1b8,58
868,0,1,0,0,1,1,1,1,004d,0,1,00,1,1b9,58
869,1,0,0,0,0,1,1,0,004d,1,1,00,1,1b9,58
870,0,1,0,0,1,1,1,1,03f4,0,1,00,1,1ba,58
871,1,0,0,0,0,1,1,0,03f4,1,1,00,1,1ba,58
872,0,1,0,0,1,1,1,1,03cd,0,1,00,1,1bb,58
873,1,0,0,0,0,1,1,0,03cd,1,1,00,1,1bb,58
874,0,1,0,0,1,1,1,1,0213,0,1,00,1,1bc,58
875,1,0,0,0,0,1,1,0,0213,1,1,00,1,1bc,58
876,0,1,0,0,1,1,1,1,03a2,0,1,00,1,1bd,58
877,1,0,0,0,0,1,1,0,03a2,1,1,00,1,1bd,58
878,0,1,0,0,1,1,1,1,00ec,0,1,00,1,1be,58
879,1,0,0,0,0,1,1,0,00ec,1,1,00,1,1be,58
880,0,1,0,0,1,1,1,1,0026,0,1,00,1,1bf,58
881,1,0,0,0,0,1,1,0,0026,1,1,00,1,1bf,58
882,0,1,0,0,1,1,1,1,03ec,0,1,00,1,1c0,58
883,1,0,0,0,0,1,1,0,03ec,1,1,00,1,1c0,58
884,0,1,0,0,1,1,1,1,038c,0,1,00,1,1c1,58
885,1,0,0,0,0,1,1,0,038c,1,1,00,1,1c1,58
886,0,1,0,0,1,1,1,1,002b,0,1,00,1,1c2,58
887,1,0,0,0,0,1,1,0,002b,1,1,00,1,1c2,58
888,0,1,0,0,1,1,1,1,01d4,0,1,00,1,1c3,58
889,1,0,0,0,0,1,1,0,01d4,1,1,00,1,1c3,58
890,0,1,0,0,1,1,1,1,0227,0,1,00,1,1c4,58
891,1,0,0,0,0,1,1,0,0227,1,1,00,1,1c4,58
892,0,1,0,0,1,1,1,1,0001,0,1,00,1,1c5,58
893,1,0,0,0,0,1,1,0,0001,1,1,00,1,1c5,58
894,0,1,0,0,1,1,1,1,03d2,0,1,00,1,1c6,58
895,1,0,0,0,0,1,1,0,03d2,1,1,00,1,1c6,58
896,0,1,0,0,1,1,1,1,00ac,0,1,00,1,1c7,58
897,1,0,0,0,0,1,1,0,00ac,1,1,00,1,1c7,58
898,0,1,0,0,1,1,1,1,00af,0,1,00,1,1c8,58
899,1,0,0,0,0,1,1,0,00af,1,1,00,1,1c8,58
900,0,1,0,0,1,1,1,1,0120,0,1,00,1,1c9,58
901,1,0,0,0,0,1,1,0,0120,1,1,00,1,1c9,58
902,0,1,0,0,1,1,1,1,0243,0,1,00,1,1ca,58
903,1,0,0,0,0,1,1,0,0243,1,1,00,1,1ca,58
904,0,1,0,0,1,1,1,1,0360,0,1,00,1,1cb,58
905,1,0,0,0,0,1,1,0,0360,1,1,00,1,1cb,58
906,0,1,0,0,1,1,1,1,03de,0,1,00,1,1cc,58
907,1,0,0,0,0,1,1,0,03de,1,1,00,1,1cc,58
908,0,1,0,0,1,1,1,1,00e1,0,1,00,1,1cd,58
909,1,0,0,0,0,1,1,0,00e1,1,1,00,1,1cd,58
910,0,1,0,0,1,1,1,1,000f,0,1,00,1,1ce,58
911,1,0,0,0,0,1,1,0,000f,1,1,00,1,1ce,58
912,0,1,0,0,1,1,1,1,0182,0,1,00,1,1cf,58
913,1,0,0,0,0,1,1,0,0182,1,1,00,1,1cf,58
914,0,1,0,0,1,1,1,1,03c8,0,1,00,1,1d0,58
915,1,0,0,0,0,1,1,0,03c8,1,1,00,1,1d0,58
916,0,1,0,0,1,1,1,1,03dc,0,1,00,1,1d1,58
917,1,0,0,0,0,1,1,0,03dc,1,1,00,1,1d1,58
918,0,1,0,0,1,1,1,1,02d2,0,1,00,1,1d2,58
919,1,0,0,0,0,1,1,0,02d2,1,1,00,1,1d2,58
920,0,1,0,0,1,1,1,1,0191,0,1,00,1,1d3,58
921,1,0,0,0,0,1,1,0,0191,1,1,00,1,1d3,58
922,0,1,0,0,1,1,1,1,001e,0,1,00,1,1d4,58
923,1,0,0,0,0,1,1,0,001e,1,1,00,1,1d4,58
924,0,1,0,0,1,1,1,1,03df,0,1,00,1,1d5,58
925,1,0,0,0,0,1,1,0,03df,1,1,00,1,1d5,58
926,0,1,0,0,1,1,1,1,03e9,0,1,00,1,1d6,58
927,1,0,0,0,0,1,1,0,03e9,1,1,00,1,1d6,58
928,0,1,0,0,1,1,1,1,0009,0,1,00,1,1d7,58
929,1,0,0,0,0,1,1,0,0009,1,1,00,1,1d7,58
930,0,1,0,0,1,1,1,1,00b8,0,1,00,1,1d8,58
931,1,0,0,0,0,1,1,0,00b8,1,1,00,1,1d8,58
932,0,1,0,0,1,1,1,1,0027,0,1,00,1,1d9,58
933,1,0,0,0,0,1,1,0,0027,1,1,00,1,1d9,58
934,0,1,0,0,1,1,1,1,02dc,0,1,00,1,1da,58
935,1,0,0,0,0,1,1,0,02dc,1,1,00,1,1da,58
936,0,1,0,0,1,1,1,1,03b5,0,1,00,1,1db,58
937,1,0,0,0,0,1,1,0,03b5,1,1,00,1,1db,58
938,0,1,0,0,1,1,1,1,039e,0,1,00,1,1dc,58
939,1,0,0,0,0,1,1,0,039e,1,1,00,1,1dc,58
940,0,1,0,0,1,1,1,1,02cc,0,1,00,1,1dd,58
941,1,0,0,0,0,1,1,0,02cc,1,1,00,1,1dd,58
942,0,1,0,0,1,1,1,1,03f5,0,1,00,1,1de,58
943,1,0,0,0,0,1,1,0,03f5,1,1,00,1,1de,58
944,0,1,0,0,1,1,1,1,0281,0,1,00,1,1df,58
945,1,0,0,0,0,1,1,0,0281,1,1,00,1,1df,58
946,0,1,0,0,1,1,1,1,03b8,0,1,00,1,1e0,58
947,1,0,0,0,0,1,1,0,03b8,1,1,00,1,1e0,58
948,0,1,0,0,1,1,1,1,03d3,0,1,00,1,1e1,58
949,1,0,0,0,0,1,1,0,03d3,1,1,00,1,1e1,58
950,0,1,0,0,1,1,1,1,0015,0,1,00,1,1e2,58
951,1,0,0,0,0,1,1,0,0015,1,1,00,1,1e2,58
952,0,1,0,0,1,1,1,1,0073,0,1,00,1,1e3,58
953,1,0,0,0,0,1,1,0,0073,1,1,00,1,1e3,58
954,0,1,0,0,1,1,1,1,03ec,0,1,00,1,1e4,58
955,1,0,0,0,0,1,1,0,03ec,1,1,00,1,1e4,58
956,0,1,0,0,1,1,1,1,015a,0,1,00,1,1e5,58
957,1,0,0,0,0,1,1,0,015a,1,1,00,1,1e5,58
958,0,1,0,0,1,1,1,1,039c,0,1,00,1,1e6,58
959,1,0,0,0,0,1,1,0,039c,1,1,00,1,1e6,58
960,0,1,0,0,1,1,1,1,03c0,0,1,00,1,1e7,58
961,1,0,0,0,0,1,1,0,03c0,1,1,00,1,1e7,58
962,0,1,0,0,1,1,1,1,03b6,0,1,00,1,1e8,58
963,1,0,0,0,0,1,1,0,03b6,1,1,00,1,1e8,58
964,0,1,0,0,1,1,1,1,000c,0,1,00,1,1e9,58
965,1,0,0,0,0,1,1,0,000c,1,1,00,1,1e9,58
966,0,1,0,0,1,1,1,1,01f4,0,1,00,1,1ea,58
967,1,0,0,0,0,1,1,0,01f4,1,1,00,1,1ea,58
968,0,1,0,0,1,1,1,1,00a1,0,1,00,1,1eb,58
969,1,0,0,0,0,1,1,0,00a1,1,1,00,1,1eb,58
970,0,1,0,0,1,1,1,1,007d,0,1,00,1,1ec,58
971,1,0,0,0,0,1,1,0,007d,1,1,00,1,1ec,58
972,0,1,0,0,1,1,1,1,03f1,0,1,00,1,1ed,58
973,1,0,0,0,0,1,1,0,03f1,1,1,00,1,1ed,58
974,0,1,0,0,1,1,1,1,01cc,0,1,00,1,1ee,58
975,1,0,0,0,0,1,1,0,01cc,1,1,00,1,1ee,58
976,0,1,0,0,1,1,1,1,002b,0,1,00,1,1ef,58
977,1,0,0,0,0,1,1,0,002b,1,1,00,1,1ef,58
978,0,1,0,0,1,1,1,1,00fd,0,1,00,1,1f0,58
979,1,0,0,0,0,1,1,0,00fd,1,1,00,1,1f0,58
980,0,1,0,0,1,1,1,1,005a,0,1,00,1,1f1,58
981,1,0,0,0,0,1,1,0,005a,1,1,00,1,1f1,58
982,0,1,0,0,1,1,1,1,03c3,0,1,00,1,1f2,58
983,1,0,0,0,0,1,1,0,03c3,1,1,00,1,1f2,58
984,0,1,0,0,1,1,1,1,03f1,0,1,00,1,1f3,58
985,1,0,0,0,0,1,1,0,03f1,1,1,00,1,1f3,58
986,0,1,0,0,1,1,1,1,00ac,0,1,00,1,1f4,58
987,1,0,0,0,0,1,1,0,00ac,1,1,00,1,1f4,58
988,0,1,0,0,1,1,1,1,0387,0,1,00,1,1f5,58
989,1,0,0,0,0,1,1,0,0387,1,1,00,1,1f5,58
990,0,1,0,0,1,1,1,1,000a,0,1,00,1,1f6,58
991,1,0,0,0,0,1,1,0,000a,1,1,00,1,1f6,58
992,0,1,0,0,1,1,1,1,0168,0,1,00,1,1f7,58
993,1,0,0,0,0,1,1,0,0168,1,1,00,1,1f7,58
994,0,1,0,0,1,1,1,1,0203,0,1,00,1,1f8,58
995,1,0,0,0,0,1,1,0,0203,1,1,00,1,1f8,58
996,0,1,0,0,1,1,1,1,004a,0,1,00,1,1f9,58
997,1,0,0,0,0,1,1,0,004a,1,1,00,1,1f9,58
998,0,1,0,0,1,1,1,1,022f,0,1,00,1,1fa,58
999,1,0,0,0,0,1,1,0,022f,1,1,00,1,1fa,58
